content_id,date,topic,format,video_length,hook_type,posting_time,caption_length,views,likes,comments,shares,saves,retention_rate,followers_gained,engagement_rate,viral_score,viral_category,total_comments,relatable_comments,relatability_rate,is_viral
C0001,2025-01-01,Social Anxiety,Long,169,Text,Night,178,12886,771,77,95,167,57.6,44,8.61,180.60000000000002,Low,3,3,100.0,0
C0002,2025-01-01,Family,Long,110,Text,Evening,194,3826,138,21,27,31,74.3,8,5.67,38.1,Low,6,5,83.33,0
C0003,2025-01-01,Work Stress,Long,177,Text,Night,91,49323,1873,67,408,641,67.6,184,6.06,556.2,Medium,4,2,50.0,0
C0004,2025-01-02,Friendship,Short,42,Text,Evening,112,10612,550,59,189,102,77.5,47,8.48,173.0,Low,4,1,25.0,0
C0005,2025-01-02,Friendship,Short,36,Text,Morning,247,12432,411,49,114,102,89.7,58,5.44,127.1,Low,4,3,75.0,0
C0006,2025-01-02,Family,Long,61,Visual,Night,225,61083,2182,330,515,751,85.3,168,6.19,715.5,High,2,1,50.0,1
C0007,2025-01-03,Social Anxiety,Short,27,Text,Evening,124,135118,2798,238,1109,836,60.5,326,3.69,1021.8,High,6,3,50.0,1
C0008,2025-01-03,Work Stress,Long,138,Visual,Morning,85,71717,4154,449,421,732,78.5,333,8.03,893.2,High,4,2,50.0,1
C0009,2025-01-03,Dating,Short,18,Text,Morning,99,2927,129,6,26,24,79.3,16,6.32,31.700000000000003,Low,6,4,66.67,0
C0010,2025-01-04,Social Anxiety,Short,18,Text,Evening,153,29412,1331,156,681,550,72.4,118,9.24,601.7,High,4,1,25.0,1
C0011,2025-01-04,Self Growth,Short,33,Visual,Morning,160,21819,659,58,170,351,83.3,108,5.67,250.8,Medium,3,3,100.0,0
C0012,2025-01-05,Confidence,Long,129,Text,Afternoon,72,25047,886,91,236,205,51.7,72,5.66,262.7,Medium,6,1,16.67,0
C0013,2025-01-05,Work Stress,Short,45,Visual,Morning,45,19320,376,48,75,125,94.6,99,3.23,114.69999999999999,Low,5,1,20.0,0
C0014,2025-01-05,Family,Short,42,Text,Evening,143,69110,4006,242,528,988,82.1,239,8.34,956.6,High,5,4,80.0,1
C0015,2025-01-06,Work Stress,Short,39,Visual,Evening,213,34202,908,55,280,535,71.3,171,5.2,374.3,Medium,6,4,66.67,0
C0016,2025-01-06,Family,Short,20,Visual,Evening,65,9728,319,22,123,73,74.1,16,5.52,107.4,Low,2,0,0.0,0
C0017,2025-01-06,Self Growth,Short,30,Text,Afternoon,123,45463,1546,187,325,722,60.0,89,6.11,538.6,Medium,5,1,20.0,0
C0018,2025-01-07,Dating,Long,142,Visual,Morning,67,76901,3011,333,845,728,68.9,378,6.39,924.1,High,7,2,28.57,1
C0019,2025-01-07,Family,Short,49,Text,Evening,85,19799,406,38,58,164,72.2,67,3.36,120.6,Low,7,4,57.14,0
C0020,2025-01-07,Friendship,Long,94,Text,Afternoon,170,16042,568,28,132,117,55.7,16,5.27,150.3,Low,2,1,50.0,0
C0021,2025-01-08,Self Growth,Long,123,Visual,Evening,95,101441,3885,607,1307,964,79.8,219,6.67,1321.9,High,3,1,33.33,1
C0022,2025-01-08,College Life,Short,28,Visual,Morning,90,74929,2248,276,451,882,92.8,274,5.15,725.0,High,6,4,66.67,1
C0023,2025-01-09,Dating,Short,29,Visual,Morning,259,139771,6007,194,1567,1264,79.7,782,6.46,1645.5,High,5,4,80.0,1
C0024,2025-01-09,Confidence,Short,55,Visual,Afternoon,69,86647,4249,251,1037,1445,76.9,280,8.06,1323.4,High,2,1,50.0,1
C0025,2025-01-09,Family,Short,37,Visual,Evening,73,108765,3516,344,1153,1754,84.3,679,6.22,1407.8000000000002,High,2,1,50.0,1
C0026,2025-01-10,Work Stress,Short,50,Text,Afternoon,243,142466,3814,270,579,1233,76.8,754,4.14,1036.9,High,6,2,33.33,1
C0027,2025-01-10,Friendship,Long,90,Visual,Night,156,89813,2797,165,526,741,61.2,266,4.71,745.4,High,6,1,16.67,1
C0028,2025-01-10,Family,Long,177,Text,Afternoon,39,4993,263,14,62,70,62.5,19,8.19,74.89999999999999,Low,7,5,71.43,0
C0029,2025-01-11,Self Growth,Long,114,Visual,Evening,127,74572,1581,72,544,513,69.0,143,3.63,544.0,Medium,4,3,75.0,0
C0030,2025-01-11,Friendship,Short,27,Text,Evening,159,4784,183,7,57,89,79.5,19,7.02,69.2,Low,7,5,71.43,0
C0031,2025-01-11,Friendship,Short,55,Text,Morning,88,6663,167,9,36,50,77.1,10,3.93,47.9,Low,7,5,71.43,0
C0032,2025-01-12,Dating,Long,151,Visual,Evening,156,66000,2858,410,1191,1325,74.1,106,8.76,1241.7,High,2,0,0.0,1
C0033,2025-01-12,Social Anxiety,Short,50,Text,Afternoon,179,14079,517,48,92,247,61.8,22,6.42,172.2,Low,5,4,80.0,0
C0034,2025-01-13,Self Growth,Short,58,Visual,Evening,87,42050,969,94,357,521,86.7,91,4.62,414.80000000000007,Medium,3,1,33.33,0
C0035,2025-01-13,Confidence,Short,26,Visual,Morning,216,94370,3484,399,1009,1225,80.0,532,6.48,1199.3000000000002,High,7,5,71.43,1
C0036,2025-01-13,Social Anxiety,Short,19,Text,Night,134,26028,494,56,109,170,98.0,128,3.19,155.2,Low,2,2,100.0,0
C0037,2025-01-14,Family,Short,41,Text,Night,251,88358,2024,112,348,812,73.1,543,3.73,607.6,High,2,0,0.0,1
C0038,2025-01-14,Family,Short,30,Visual,Morning,50,31552,767,37,158,163,83.2,120,3.57,196.2,Low,3,1,33.33,0
C0039,2025-01-14,College Life,Short,35,Visual,Evening,104,171131,3451,255,1889,1018,98.0,1085,3.86,1457.1,High,5,3,60.0,1
C0040,2025-01-15,Work Stress,Long,152,Visual,Evening,195,25561,1639,142,392,598,73.9,55,10.84,528.5,Medium,4,1,25.0,0
C0041,2025-01-15,Dating,Long,124,Visual,Afternoon,235,29216,700,72,109,142,71.3,114,3.5,170.60000000000002,Low,7,4,57.14,0
C0042,2025-01-15,Family,Short,33,Visual,Night,80,3840,172,13,63,68,70.1,13,8.23,65.4,Low,5,5,100.0,0
C0043,2025-01-16,Work Stress,Long,134,Visual,Evening,255,54275,1486,144,241,318,87.3,343,4.03,369.20000000000005,Medium,4,3,75.0,0
C0044,2025-01-16,College Life,Long,165,Text,Night,74,22858,1302,153,180,298,57.4,132,8.46,322.2,Medium,7,2,28.57,0
C0045,2025-01-17,Social Anxiety,Short,42,Visual,Night,125,58801,1309,104,696,875,84.3,175,5.07,692.6,High,6,4,66.67,1
C0046,2025-01-17,Confidence,Short,36,Text,Morning,102,69437,2335,247,703,444,72.3,275,5.37,697.3,High,5,4,80.0,1
C0047,2025-01-17,Friendship,Short,20,Text,Evening,127,59400,2574,202,910,1007,75.1,323,7.9,963.8999999999999,High,7,4,57.14,1
C0048,2025-01-18,Confidence,Short,41,Text,Evening,237,180400,13420,1376,4170,4809,62.8,850,13.18,4727.9,High,2,0,0.0,1
C0049,2025-01-18,Work Stress,Long,156,Visual,Morning,198,19872,1001,105,197,316,85.4,28,8.15,294.70000000000005,Medium,7,4,57.14,0
C0050,2025-01-18,Family,Short,29,Text,Afternoon,213,94495,2336,333,487,546,74.2,391,3.92,658.8000000000001,High,2,0,0.0,1
C0051,2025-01-19,Family,Short,34,Text,Night,88,2475,104,6,22,46,64.8,13,7.19,34.2,Low,2,2,100.0,0
C0052,2025-01-19,Dating,Short,21,Visual,Morning,247,39250,2942,215,951,850,92.5,130,12.63,972.6000000000001,High,5,3,60.0,1
C0053,2025-01-19,College Life,Short,32,Text,Evening,130,8177,153,18,57,53,72.0,39,3.44,57.60000000000001,Low,2,1,50.0,0
C0054,2025-01-20,Friendship,Long,74,Visual,Night,179,23225,675,49,132,174,75.3,40,4.43,182.3,Low,3,3,100.0,0
C0055,2025-01-20,Friendship,Short,54,Text,Afternoon,190,110541,3582,554,795,1065,85.4,670,5.42,1106.5,High,2,1,50.0,1
C0056,2025-01-21,Social Anxiety,Short,54,Visual,Evening,182,51417,1533,127,487,817,84.7,130,5.76,618.5999999999999,High,5,2,40.0,1
C0057,2025-01-21,Self Growth,Short,15,Text,Night,168,85319,3487,260,610,590,55.0,202,5.8,821.7,High,3,2,66.67,1
C0058,2025-01-21,Dating,Short,42,Visual,Evening,140,26084,631,49,256,237,87.0,101,4.5,246.4,Medium,6,2,33.33,0
C0059,2025-01-22,Work Stress,Short,44,Visual,Morning,178,78224,3692,361,545,1543,79.0,428,7.85,1122.3000000000002,High,4,1,25.0,1
C0060,2025-01-22,Work Stress,Short,32,Visual,Morning,238,20344,497,52,89,127,76.7,97,3.76,133.8,Low,7,1,14.29,0
C0061,2025-01-22,Confidence,Short,36,Visual,Night,119,70283,2617,132,972,610,78.9,92,6.16,859.8999999999999,High,3,3,100.0,1
C0062,2025-01-23,Work Stress,Short,51,Visual,Afternoon,147,17544,841,87,227,251,63.9,37,8.01,267.6,Medium,3,1,33.33,0
C0063,2025-01-23,College Life,Long,178,Visual,Evening,71,24316,886,94,238,313,73.9,145,6.3,296.5,Medium,5,4,80.0,0
C0064,2025-01-23,Confidence,Short,17,Visual,Morning,111,7418,212,24,37,70,66.4,24,4.62,61.8,Low,7,2,28.57,0
C0065,2025-01-24,Friendship,Short,32,Text,Evening,207,90110,1835,195,324,1006,74.1,132,3.73,653.9,High,7,5,71.43,1
C0066,2025-01-24,College Life,Short,26,Text,Night,177,78838,2901,388,554,1046,78.6,569,6.2,903.1000000000001,High,6,2,33.33,1
C0067,2025-01-25,Confidence,Long,61,Text,Evening,78,88812,2804,332,345,878,79.7,158,4.91,748.2,High,5,3,60.0,1
C0068,2025-01-25,College Life,Short,25,Text,Night,155,34197,1221,102,243,287,68.8,150,5.42,325.8,Medium,3,2,66.67,0
C0069,2025-01-25,Social Anxiety,Short,21,Visual,Afternoon,216,36389,902,96,151,427,94.5,110,4.33,297.9,Medium,2,2,100.0,0
C0070,2025-01-26,Friendship,Short,60,Visual,Evening,58,40648,1859,274,505,674,89.5,278,8.15,644.9,High,3,0,0.0,1
C0071,2025-01-26,Family,Short,20,Visual,Night,44,6675,257,16,37,78,75.7,39,5.81,67.10000000000001,Low,2,1,50.0,0
C0072,2025-01-26,Dating,Long,156,Visual,Evening,120,7037,312,29,112,76,60.9,26,7.52,104.60000000000001,Low,7,3,42.86,0
C0073,2025-01-27,Friendship,Short,48,Visual,Afternoon,181,1759,104,6,16,20,65.6,9,8.3,24.0,Low,7,4,57.14,0
C0074,2025-01-27,Dating,Long,88,Text,Night,102,32300,1038,112,211,407,71.7,186,5.47,332.70000000000005,Medium,4,4,100.0,0
C0075,2025-01-27,Work Stress,Long,146,Text,Afternoon,218,29458,920,39,206,150,61.6,122,4.46,227.20000000000002,Medium,5,1,20.0,0
C0076,2025-01-28,Friendship,Short,15,Text,Evening,224,55422,2053,200,308,508,89.0,221,5.54,520.9000000000001,Medium,7,4,57.14,0
C0077,2025-01-28,College Life,Long,158,Visual,Night,152,59686,2430,173,521,481,65.2,219,6.04,630.3,High,2,0,0.0,1
C0078,2025-01-29,Dating,Short,23,Text,Afternoon,117,6588,280,24,79,118,68.0,40,7.6,99.8,Low,6,1,16.67,0
C0079,2025-01-29,Self Growth,Long,88,Visual,Afternoon,39,3127,78,3,19,31,74.3,3,4.19,25.3,Low,6,4,66.67,0
C0080,2025-01-29,Work Stress,Short,44,Visual,Morning,218,22407,281,32,48,127,73.1,26,2.18,91.80000000000001,Low,5,4,80.0,0
C0081,2025-01-30,Confidence,Short,56,Visual,Afternoon,235,42955,1381,119,405,603,80.1,100,5.84,504.79999999999995,Medium,2,2,100.0,0
C0082,2025-01-30,Friendship,Short,32,Text,Afternoon,131,2138,74,9,24,39,86.9,11,6.83,30.5,Low,4,2,50.0,0
C0083,2025-01-30,Dating,Short,25,Visual,Evening,148,28920,1297,80,338,506,81.2,79,7.68,432.70000000000005,Medium,2,0,0.0,0
C0084,2025-01-31,Family,Short,57,Visual,Afternoon,203,517,25,1,3,5,81.2,1,6.58,5.4,Low,5,2,40.0,0
C0085,2025-01-31,Work Stress,Long,125,Visual,Evening,189,75168,4303,390,615,1255,74.1,348,8.73,1130.8,High,4,1,25.0,1
C0086,2025-01-31,Work Stress,Short,50,Visual,Afternoon,61,48213,2078,317,729,590,63.1,104,7.7,739.8,High,3,1,33.33,1
C0087,2025-02-01,Social Anxiety,Short,35,Visual,Afternoon,184,136004,6899,457,1841,3586,83.9,463,9.4,2593.5,High,5,4,80.0,1
C0088,2025-02-01,College Life,Short,35,Visual,Afternoon,242,116093,5203,604,1002,1061,81.6,489,6.78,1360.2000000000003,High,6,5,83.33,1
C0089,2025-02-02,Family,Short,32,Visual,Evening,202,11360,712,28,196,165,88.9,32,9.69,204.7,Low,6,4,66.67,0
C0090,2025-02-02,Family,Short,49,Visual,Evening,140,28054,1796,195,684,774,86.1,221,12.29,724.4,High,7,6,85.71,1
C0091,2025-02-02,Friendship,Long,139,Visual,Afternoon,150,16549,748,51,96,147,70.0,29,6.3,167.5,Low,6,2,33.33,0
C0092,2025-02-03,Family,Short,59,Visual,Night,89,39675,1643,158,284,355,90.3,251,6.15,416.0,Medium,7,4,57.14,0
C0093,2025-02-03,Family,Short,23,Text,Evening,181,39743,1626,107,331,291,74.1,156,5.93,403.70000000000005,Medium,7,6,85.71,0
C0094,2025-02-03,Friendship,Short,36,Visual,Afternoon,85,66215,2075,120,756,1032,82.5,131,6.02,843.5,High,7,4,57.14,1
C0095,2025-02-04,Confidence,Short,29,Text,Night,108,22645,779,56,183,159,73.9,40,5.2,210.0,Medium,6,2,33.33,0
C0096,2025-02-04,College Life,Short,44,Text,Afternoon,90,29592,1383,100,452,284,81.6,116,7.5,424.3,Medium,6,3,50.0,0
C0097,2025-02-04,Dating,Long,80,Visual,Morning,107,7806,236,21,28,47,68.2,21,4.25,53.1,Low,2,2,100.0,0
C0098,2025-02-05,Work Stress,Short,57,Visual,Evening,114,130670,5495,659,1172,2297,96.5,387,7.36,1839.2,High,5,3,60.0,1
C0099,2025-02-05,Work Stress,Long,90,Visual,Morning,49,37904,419,34,64,69,92.2,192,1.55,95.0,Low,7,5,71.43,0
C0100,2025-02-06,Dating,Short,26,Visual,Afternoon,195,25700,1861,206,363,304,88.7,109,10.64,463.70000000000005,Medium,7,4,57.14,0
C0101,2025-02-06,Family,Short,24,Visual,Evening,131,41138,1703,125,411,780,95.4,306,7.34,593.7,High,7,6,85.71,1
C0102,2025-02-06,Dating,Long,164,Visual,Morning,248,3975,154,8,47,69,56.6,7,6.99,56.5,Low,3,3,100.0,0
C0103,2025-02-07,Family,Long,138,Visual,Night,71,14166,716,48,142,156,57.8,26,7.5,184.8,Low,5,2,40.0,0
C0104,2025-02-07,Social Anxiety,Long,127,Visual,Night,183,106249,4193,356,1455,1209,68.8,520,6.79,1435.2,High,3,2,66.67,1
C0105,2025-02-07,Family,Long,94,Text,Evening,71,19246,1040,77,151,207,69.4,43,7.66,241.9,Medium,2,2,100.0,0
C0106,2025-02-08,Family,Long,102,Visual,Evening,155,1436,33,4,8,12,70.0,3,3.97,10.9,Low,6,3,50.0,0
C0107,2025-02-08,Family,Long,78,Text,Evening,142,15113,919,112,189,214,52.6,21,9.49,254.10000000000002,Medium,7,5,71.43,0
C0108,2025-02-08,Work Stress,Short,51,Visual,Night,133,65060,2991,331,938,1728,91.5,111,9.2,1258.9,High,6,3,50.0,1
C0109,2025-02-09,Friendship,Long,94,Text,Afternoon,180,25690,1003,93,126,353,90.5,107,6.13,275.20000000000005,Medium,2,1,50.0,0
C0110,2025-02-09,Work Stress,Short,43,Visual,Morning,220,32107,1946,141,589,601,92.8,82,10.21,638.7,High,6,4,66.67,1
C0111,2025-02-10,College Life,Short,54,Text,Evening,102,6909,177,16,66,32,87.9,55,4.21,56.900000000000006,Low,6,4,66.67,0
C0112,2025-02-10,Family,Short,37,Text,Evening,225,70537,2960,120,807,1141,79.3,158,7.13,985.1,High,4,3,75.0,1
C0113,2025-02-10,Self Growth,Long,173,Visual,Morning,72,122229,6046,368,1869,2239,63.6,312,8.61,2097.5,High,4,3,75.0,1
C0114,2025-02-11,Friendship,Long,120,Text,Evening,97,97410,1391,99,223,572,69.7,298,2.35,419.70000000000005,Medium,6,4,66.67,0
C0115,2025-02-11,Self Growth,Short,24,Visual,Morning,101,13209,721,32,145,110,98.0,51,7.63,169.5,Low,2,1,50.0,0
C0116,2025-02-11,Self Growth,Long,172,Visual,Night,249,75105,3671,367,648,1259,68.5,432,7.92,1077.4,High,4,2,50.0,1
C0117,2025-02-12,Social Anxiety,Long,122,Text,Afternoon,57,26739,1759,64,489,624,64.5,136,10.98,571.5,Medium,2,1,50.0,0
C0118,2025-02-12,Dating,Short,24,Text,Morning,120,2881,54,2,8,24,88.1,3,3.05,16.2,Low,4,3,75.0,0
C0119,2025-02-12,Dating,Short,38,Visual,Morning,127,6613,318,51,75,146,91.7,24,8.92,115.8,Low,7,3,42.86,0
C0120,2025-02-13,Social Anxiety,Short,27,Text,Afternoon,214,100352,3688,450,957,1095,68.5,621,6.17,1170.1,High,6,3,50.0,1
C0121,2025-02-13,Friendship,Long,123,Text,Afternoon,141,44268,1533,127,169,338,66.4,39,4.9,347.70000000000005,Medium,7,3,42.86,0
C0122,2025-02-14,Work Stress,Short,42,Text,Morning,252,56504,1345,115,322,424,72.0,196,3.9,413.5,Medium,4,1,25.0,0
C0123,2025-02-14,Work Stress,Long,133,Visual,Afternoon,200,23663,596,69,91,220,72.7,50,4.12,175.8,Low,3,3,100.0,0
C0124,2025-02-14,Friendship,Short,35,Text,Afternoon,191,25248,1049,43,290,370,88.0,82,6.94,340.5,Medium,7,3,42.86,0
C0125,2025-02-15,Family,Long,70,Visual,Afternoon,203,1857,40,3,11,8,64.0,5,3.34,11.4,Low,6,1,16.67,0
C0126,2025-02-15,Self Growth,Short,26,Text,Afternoon,67,4417,234,9,52,32,87.9,13,7.4,55.599999999999994,Low,6,3,50.0,0
C0127,2025-02-15,Social Anxiety,Long,167,Text,Afternoon,133,57404,1737,136,268,547,70.0,310,4.68,472.20000000000005,Medium,3,1,33.33,0
C0128,2025-02-16,Family,Short,55,Text,Afternoon,164,24370,452,79,68,214,98.0,87,3.34,152.4,Low,6,2,33.33,0
C0129,2025-02-16,Self Growth,Short,29,Text,Morning,77,6398,194,23,25,32,80.2,35,4.28,43.60000000000001,Low,7,3,42.86,0
C0130,2025-02-17,Work Stress,Long,177,Text,Morning,57,23323,1179,140,102,199,68.0,84,6.95,246.4,Medium,3,2,66.67,0
C0131,2025-02-17,Self Growth,Long,99,Visual,Afternoon,61,27991,926,113,219,391,77.7,74,5.89,320.1,Medium,5,3,60.0,0
C0132,2025-02-17,Self Growth,Long,158,Visual,Evening,211,22664,849,89,190,297,68.6,92,6.29,267.8,Medium,5,4,80.0,0
C0133,2025-02-18,Social Anxiety,Short,57,Text,Night,181,34720,1728,191,356,450,59.0,136,7.85,488.4,Medium,5,3,60.0,0
C0134,2025-02-18,Self Growth,Short,33,Visual,Night,94,39371,2318,218,424,654,77.6,264,9.18,641.2,High,5,2,40.0,1
C0135,2025-02-18,Family,Short,44,Text,Evening,199,32060,1189,94,396,338,74.4,72,6.29,397.5,Medium,5,3,60.0,0
C0136,2025-02-19,College Life,Short,23,Visual,Evening,189,10436,304,17,55,71,64.1,90,4.28,77.1,Low,5,3,60.0,0
C0137,2025-02-19,Self Growth,Short,21,Text,Afternoon,217,13562,446,48,98,186,76.3,55,5.74,149.2,Low,7,5,71.43,0
C0138,2025-02-19,Social Anxiety,Long,161,Visual,Evening,239,7943,417,22,99,148,51.3,43,8.64,130.10000000000002,Low,4,3,75.0,0
C0139,2025-02-20,College Life,Long,87,Visual,Evening,232,47816,1127,84,138,396,68.5,215,3.65,303.5,Medium,6,4,66.67,0
C0140,2025-02-20,Friendship,Long,97,Visual,Night,71,67420,1854,94,601,639,74.4,278,4.73,636.3000000000001,High,5,2,40.0,1
C0141,2025-02-21,Confidence,Long,82,Visual,Night,206,59476,1844,168,244,269,73.0,269,4.25,396.3,Medium,3,0,0.0,0
C0142,2025-02-21,Dating,Long,152,Visual,Evening,120,38085,1198,84,438,337,67.9,208,5.4,412.90000000000003,Medium,3,2,66.67,0
C0143,2025-02-21,College Life,Short,39,Visual,Evening,122,2721,76,5,28,22,79.1,8,4.81,26.400000000000002,Low,5,4,80.0,0
C0144,2025-02-22,Friendship,Short,59,Text,Night,178,147586,6105,623,2289,1416,69.2,684,7.07,2075.5,High,3,1,33.33,1
C0145,2025-02-22,Confidence,Short,18,Text,Afternoon,168,29674,431,28,135,195,77.1,84,2.66,161.2,Low,6,5,83.33,0
C0146,2025-02-22,Family,Long,97,Text,Night,126,10231,229,26,44,29,69.6,37,3.21,54.400000000000006,Low,2,0,0.0,0
C0147,2025-02-23,Social Anxiety,Short,39,Text,Morning,259,85958,2643,246,668,1123,68.0,367,5.44,917.5999999999999,High,7,5,71.43,1
C0148,2025-02-23,Dating,Short,48,Text,Night,70,36800,1388,98,358,327,79.7,88,5.9,399.70000000000005,Medium,6,3,50.0,0
C0149,2025-02-23,Family,Short,19,Text,Evening,52,33539,618,26,202,140,79.6,184,2.94,189.8,Low,7,1,14.29,0
C0150,2025-02-24,Social Anxiety,Short,54,Visual,Morning,36,61098,1780,237,552,458,78.3,257,4.95,583.6,High,7,5,71.43,1
C0151,2025-02-24,Family,Short,15,Text,Evening,217,112273,3590,385,955,1270,98.0,495,5.52,1199.0,High,6,3,50.0,1
C0152,2025-02-25,College Life,Long,107,Visual,Morning,123,4631,144,12,23,50,70.6,19,4.94,41.0,Low,6,2,33.33,0
C0153,2025-02-25,Confidence,Short,45,Visual,Evening,130,21722,929,54,202,457,77.2,128,7.56,321.6,Medium,2,1,50.0,0
C0154,2025-02-25,College Life,Short,30,Text,Night,179,26868,970,93,187,180,72.8,158,5.32,244.4,Medium,2,0,0.0,0
C0155,2025-02-26,Friendship,Long,111,Visual,Evening,130,30872,1709,241,245,674,62.3,75,9.29,519.3,Medium,7,6,85.71,0
C0156,2025-02-26,Work Stress,Short,43,Text,Night,162,820,44,2,8,14,83.9,1,8.29,12.200000000000001,Low,4,4,100.0,0
C0157,2025-02-26,Dating,Long,148,Text,Morning,43,53028,1610,75,153,310,62.1,205,4.05,330.2,Medium,3,0,0.0,0
C0158,2025-02-27,Self Growth,Short,43,Text,Afternoon,65,39090,1622,73,371,270,71.3,89,5.98,406.20000000000005,Medium,7,4,57.14,0
C0159,2025-02-27,Self Growth,Short,50,Text,Evening,244,46962,1669,68,611,449,71.6,94,5.96,559.6,Medium,7,5,71.43,0
C0160,2025-02-27,Family,Short,27,Text,Morning,133,2203,96,13,24,18,67.2,3,6.85,27.200000000000003,Low,3,3,100.0,0
C0161,2025-02-28,Confidence,Short,25,Visual,Evening,68,112534,4006,490,1225,1919,62.5,401,6.79,1564.2999999999997,High,6,3,50.0,1
C0162,2025-02-28,Work Stress,Long,152,Text,Afternoon,114,82442,4097,564,373,817,64.4,403,7.1,916.8000000000001,High,5,3,60.0,1
C0163,2025-03-01,Friendship,Short,25,Visual,Afternoon,107,13477,506,62,80,185,88.7,29,6.18,150.5,Low,7,4,57.14,0
C0164,2025-03-01,Friendship,Short,20,Visual,Evening,93,81825,5314,248,1739,2482,82.0,297,11.96,2021.1999999999998,High,4,3,75.0,1
C0165,2025-03-01,Friendship,Short,26,Visual,Night,97,111403,5605,857,2236,2025,95.6,832,9.63,2233.8,High,3,1,33.33,1
C0166,2025-03-02,Family,Long,109,Visual,Afternoon,197,58008,2666,168,549,699,79.5,302,7.04,729.5,High,5,4,80.0,1
C0167,2025-03-02,College Life,Long,131,Text,Night,54,55418,1806,139,491,327,74.2,121,4.99,502.90000000000003,Medium,2,1,50.0,0
C0168,2025-03-02,Dating,Long,147,Visual,Evening,101,56060,2970,275,823,902,90.8,387,8.87,951.8,High,2,2,100.0,1
C0169,2025-03-03,College Life,Short,52,Text,Afternoon,137,22865,745,33,244,158,76.0,43,5.16,226.1,Medium,3,1,33.33,0
C0170,2025-03-03,Social Anxiety,Short,50,Text,Evening,154,86955,4382,644,1962,1618,77.6,609,9.9,1837.2,High,6,3,50.0,1
C0171,2025-03-03,Social Anxiety,Short,39,Text,Evening,232,123936,5309,697,1870,1618,76.9,192,7.66,1903.7000000000003,High,6,3,50.0,1
C0172,2025-03-04,Social Anxiety,Short,29,Text,Afternoon,242,88594,2530,351,460,1240,92.4,323,5.17,879.2,High,3,1,33.33,1
C0173,2025-03-04,Family,Long,180,Visual,Evening,98,9372,365,36,42,111,72.0,22,5.91,93.8,Low,3,3,100.0,0
C0174,2025-03-05,Work Stress,Long,107,Visual,Morning,154,6428,159,11,24,46,65.5,25,3.73,41.5,Low,3,1,33.33,0
C0175,2025-03-05,Work Stress,Short,36,Text,Afternoon,35,12631,508,24,126,92,82.9,13,5.94,133.6,Low,6,4,66.67,0
C0176,2025-03-05,Friendship,Short,35,Text,Evening,171,25787,635,87,251,402,68.8,111,5.33,301.9,Medium,5,2,40.0,0
C0177,2025-03-06,Work Stress,Long,150,Text,Evening,65,2331,144,12,22,19,74.3,10,8.45,31.299999999999997,Low,4,4,100.0,0
C0178,2025-03-06,Dating,Short,40,Visual,Night,46,15668,364,46,83,187,84.1,27,4.34,134.9,Low,5,3,60.0,0
C0179,2025-03-06,Confidence,Short,51,Visual,Afternoon,184,33673,1578,65,419,549,78.1,212,7.75,503.1,Medium,2,0,0.0,0
C0180,2025-03-07,Self Growth,Short,57,Visual,Night,70,81579,3600,295,928,1764,85.7,299,8.07,1319.4,High,7,4,57.14,1
C0181,2025-03-07,Confidence,Short,32,Visual,Night,139,58671,789,49,236,227,65.1,136,2.22,251.20000000000002,Medium,4,2,50.0,0
C0182,2025-03-07,Dating,Short,55,Visual,Night,53,12431,801,86,169,406,81.6,37,11.76,286.7,Medium,3,2,66.67,0
C0183,2025-03-08,Friendship,Short,22,Text,Night,201,17491,621,69,127,243,72.4,55,6.06,199.6,Low,3,2,66.67,0
C0184,2025-03-08,Work Stress,Short,57,Visual,Morning,205,46761,1780,261,390,365,98.0,99,5.98,495.7,Medium,4,2,50.0,0
C0185,2025-03-09,Friendship,Short,23,Text,Evening,162,31904,1182,98,329,699,78.6,147,7.23,479.09999999999997,Medium,5,4,80.0,0
C0186,2025-03-09,Friendship,Short,54,Text,Morning,222,68139,3884,287,379,545,71.0,288,7.48,760.9000000000001,High,3,3,100.0,1
C0187,2025-03-09,Dating,Short,32,Text,Night,130,1368,69,2,11,20,63.2,5,7.46,17.700000000000003,Low,5,5,100.0,0
C0188,2025-03-10,Friendship,Long,71,Visual,Evening,72,17914,861,57,199,359,85.1,67,8.24,284.8,Medium,2,1,50.0,0
C0189,2025-03-10,Dating,Long,92,Visual,Afternoon,64,38473,2062,131,324,691,68.5,199,8.34,569.3,Medium,6,5,83.33,0
C0190,2025-03-10,College Life,Short,36,Text,Night,80,18849,980,113,385,390,69.1,58,9.91,391.6,Medium,7,4,57.14,0
C0191,2025-03-11,Work Stress,Short,56,Visual,Morning,76,8507,326,33,50,86,83.4,37,5.82,85.0,Low,6,4,66.67,0
C0192,2025-03-11,Work Stress,Long,180,Text,Evening,104,174259,9006,824,2107,3105,75.5,947,8.63,2839.7000000000003,High,2,1,50.0,1
C0193,2025-03-11,Self Growth,Short,27,Text,Evening,79,28197,1340,144,218,383,83.3,75,7.39,364.9,Medium,3,2,66.67,0
C0194,2025-03-12,College Life,Short,18,Visual,Morning,165,59166,752,115,335,327,80.2,290,2.58,330.3,Medium,4,0,0.0,0
C0195,2025-03-12,Confidence,Long,150,Text,Evening,64,21660,1476,95,427,431,70.6,126,11.21,466.70000000000005,Medium,2,1,50.0,0
C0196,2025-03-13,Social Anxiety,Short,32,Visual,Night,173,25092,662,56,365,430,82.3,137,6.03,352.4,Medium,7,5,71.43,0
C0197,2025-03-13,College Life,Long,98,Visual,Morning,106,51839,3266,330,866,618,75.4,300,9.8,924.4000000000001,High,6,4,66.67,1
C0198,2025-03-13,Social Anxiety,Short,26,Text,Evening,187,37913,1682,175,381,429,81.2,141,7.03,484.30000000000007,Medium,7,3,42.86,0
C0199,2025-03-14,College Life,Short,22,Text,Afternoon,147,2944,164,18,43,47,87.9,12,9.24,51.3,Low,3,1,33.33,0
C0200,2025-03-14,Confidence,Short,22,Visual,Evening,238,30896,803,53,225,201,80.6,109,4.15,241.20000000000002,Medium,3,1,33.33,0
C0201,2025-03-14,College Life,Short,58,Text,Morning,131,21673,1120,93,312,222,68.8,23,8.06,322.0,Medium,2,2,100.0,0
C0202,2025-03-15,Confidence,Short,58,Text,Night,97,27017,851,126,211,262,75.6,182,5.37,273.3,Medium,2,1,50.0,0
C0203,2025-03-15,Friendship,Short,25,Text,Night,165,23463,1522,106,307,458,84.5,61,10.2,433.6,Medium,3,3,100.0,0
C0204,2025-03-15,Work Stress,Long,76,Visual,Afternoon,181,62101,2813,223,751,556,54.1,336,6.99,793.1000000000001,High,5,3,60.0,1
C0205,2025-03-16,Friendship,Short,17,Visual,Afternoon,131,31118,1475,221,531,572,62.2,160,8.99,575.7,Medium,3,3,100.0,0
C0206,2025-03-16,College Life,Short,59,Text,Evening,158,25410,234,13,119,152,86.2,190,2.04,119.2,Low,4,4,100.0,0
C0207,2025-03-17,Family,Long,179,Text,Evening,138,4492,191,18,20,48,84.2,25,6.17,45.1,Low,2,1,50.0,0
C0208,2025-03-17,Confidence,Long,87,Text,Evening,100,55922,2902,309,404,557,56.3,218,7.46,680.7,High,6,5,83.33,1
C0209,2025-03-17,College Life,Short,28,Visual,Morning,102,6414,283,13,55,50,81.0,46,6.25,67.9,Low,5,3,60.0,0
C0210,2025-03-18,Family,Short,44,Visual,Morning,238,9495,576,53,98,90,76.0,47,8.6,134.4,Low,4,2,50.0,0
C0211,2025-03-18,College Life,Long,153,Text,Night,185,63999,2572,186,462,670,66.4,236,6.08,680.2,High,4,4,100.0,1
C0212,2025-03-18,Work Stress,Short,46,Visual,Evening,51,20279,689,100,186,365,83.1,118,6.61,272.8,Medium,6,2,33.33,0
C0213,2025-03-19,Family,Long,121,Visual,Night,251,115586,6781,820,1665,960,59.1,225,8.85,1796.1,High,5,1,20.0,1
C0214,2025-03-19,Friendship,Long,78,Text,Evening,193,42558,417,57,75,93,57.9,47,1.51,111.0,Low,5,2,40.0,0
C0215,2025-03-19,Work Stress,Long,90,Text,Night,41,97093,4435,190,1027,948,66.0,201,6.8,1176.7,High,2,1,50.0,1
C0216,2025-03-20,College Life,Short,44,Visual,Morning,197,12874,376,51,150,123,78.5,48,5.44,144.70000000000002,Low,2,1,50.0,0
C0217,2025-03-20,Social Anxiety,Short,35,Visual,Morning,165,104247,3387,378,849,1506,68.7,286,5.87,1205.7000000000003,High,6,5,83.33,1
C0218,2025-03-21,Social Anxiety,Short,23,Visual,Night,240,1879,88,8,22,24,87.9,10,7.56,26.400000000000002,Low,7,2,28.57,0
C0219,2025-03-21,Friendship,Short,16,Text,Night,142,5002,242,27,48,51,72.8,25,7.36,64.1,Low,2,0,0.0,0
C0220,2025-03-21,Confidence,Long,88,Visual,Afternoon,149,11182,545,23,76,132,67.8,45,6.94,129.1,Low,3,1,33.33,0
C0221,2025-03-22,Dating,Short,27,Text,Afternoon,102,5296,188,24,58,40,79.8,33,5.85,58.8,Low,7,3,42.86,0
C0222,2025-03-22,Friendship,Short,28,Visual,Evening,103,65099,3566,131,980,843,78.7,554,8.48,1027.7,High,4,1,25.0,1
C0223,2025-03-22,Work Stress,Short,46,Text,Evening,172,8690,507,29,64,134,85.4,57,8.45,122.3,Low,3,1,33.33,0
C0224,2025-03-23,Dating,Long,100,Text,Afternoon,220,4444,153,22,48,35,59.7,17,5.81,49.400000000000006,Low,3,2,66.67,0
C0225,2025-03-23,Work Stress,Short,32,Text,Night,234,8895,261,36,72,49,63.0,19,4.7,76.80000000000001,Low,7,4,57.14,0
C0226,2025-03-23,College Life,Short,47,Text,Afternoon,207,61165,1939,264,593,661,73.9,392,5.65,682.2,High,4,2,50.0,1
C0227,2025-03-24,Family,Short,42,Text,Evening,170,45053,2109,191,524,743,77.6,99,7.92,681.6,High,4,3,75.0,1
C0228,2025-03-24,Self Growth,Short,45,Visual,Morning,145,5477,208,11,71,38,67.6,10,5.99,62.80000000000001,Low,6,4,66.67,0
C0229,2025-03-25,Self Growth,Short,15,Text,Morning,108,29954,630,66,116,294,63.1,77,3.69,210.8,Medium,4,2,50.0,0
C0230,2025-03-25,Dating,Short,35,Text,Evening,206,11590,171,9,41,62,78.8,62,2.44,53.9,Low,3,2,66.67,0
C0231,2025-03-25,Friendship,Short,36,Text,Afternoon,103,54827,2571,346,842,1202,69.4,259,9.05,1023.7,High,5,4,80.0,1
C0232,2025-03-26,Family,Short,44,Visual,Evening,91,38311,1426,115,468,654,65.5,53,6.95,549.0,Medium,6,2,33.33,0
C0233,2025-03-26,Social Anxiety,Short,21,Text,Morning,229,46150,1841,155,481,600,86.7,257,6.67,587.5,High,6,2,33.33,1
C0234,2025-03-26,Family,Short,22,Visual,Night,165,15332,740,36,139,208,73.7,34,7.32,199.2,Low,2,2,100.0,0
C0235,2025-03-27,Friendship,Short,50,Text,Evening,111,82812,2012,144,414,902,88.5,266,4.19,666.2,High,5,3,60.0,1
C0236,2025-03-27,Work Stress,Short,45,Text,Night,228,38186,1727,186,424,394,77.3,110,7.15,497.70000000000005,Medium,2,1,50.0,0
C0237,2025-03-27,Work Stress,Short,52,Visual,Morning,251,28417,1014,114,312,208,82.9,80,5.8,311.40000000000003,Medium,4,2,50.0,0
C0238,2025-03-28,Friendship,Short,27,Text,Afternoon,103,11897,406,22,101,165,74.9,61,5.83,134.9,Low,6,3,50.0,0
C0239,2025-03-28,College Life,Short,60,Text,Afternoon,149,40285,2355,115,309,692,50.4,54,8.62,589.7,High,6,5,83.33,1
C0240,2025-03-29,Work Stress,Short,27,Visual,Evening,141,42223,884,71,309,482,68.6,114,4.14,370.79999999999995,Medium,3,2,66.67,0
C0241,2025-03-29,Dating,Short,44,Visual,Afternoon,191,8847,434,18,136,182,78.7,12,8.7,156.0,Low,6,1,16.67,0
C0242,2025-03-29,Self Growth,Short,22,Visual,Morning,248,21686,1010,151,249,492,83.6,118,8.77,378.4,Medium,2,0,0.0,0
C0243,2025-03-30,Social Anxiety,Long,90,Text,Afternoon,156,33870,963,129,279,427,51.1,198,5.31,361.8,Medium,2,2,100.0,0
C0244,2025-03-30,Work Stress,Short,30,Text,Afternoon,213,41898,1437,70,480,503,76.5,180,5.94,500.6,Medium,2,1,50.0,0
C0245,2025-03-30,Work Stress,Short,51,Text,Afternoon,166,44541,2120,234,318,557,65.8,176,7.25,553.1,Medium,2,0,0.0,0
C0246,2025-03-31,Social Anxiety,Short,30,Text,Afternoon,234,157519,6439,507,1861,3457,79.3,1051,7.79,2526.8,High,4,2,50.0,1
C0247,2025-03-31,Family,Short,51,Text,Afternoon,123,98729,3980,280,1038,1830,76.8,217,7.22,1418.2,High,3,0,0.0,1
C0248,2025-03-31,Friendship,Short,35,Visual,Evening,118,35977,1614,158,536,922,87.4,70,8.98,684.0,High,2,1,50.0,1
C0249,2025-04-01,Family,Long,109,Visual,Afternoon,127,10131,293,9,68,86,82.7,32,4.5,84.1,Low,7,5,71.43,0
C0250,2025-04-01,Social Anxiety,Long,141,Visual,Afternoon,259,13783,588,60,184,240,76.6,35,7.78,216.40000000000003,Medium,6,3,50.0,0
C0251,2025-04-02,Dating,Short,46,Visual,Evening,170,69870,4022,468,1250,1257,88.6,354,10.01,1372.9,High,5,4,80.0,1
C0252,2025-04-02,Friendship,Short,23,Text,Evening,65,12480,546,68,91,260,73.5,53,7.73,182.6,Low,7,4,57.14,0
C0253,2025-04-02,Dating,Short,27,Visual,Afternoon,39,18189,338,25,117,67,98.0,60,3.01,105.70000000000002,Low,5,3,60.0,0
C0254,2025-04-03,College Life,Short,39,Visual,Evening,149,223239,9939,864,1780,2630,67.8,1172,6.81,2667.7,High,6,5,83.33,1
C0255,2025-04-03,Work Stress,Short,26,Visual,Night,215,66565,3186,163,405,876,74.7,240,6.96,776.0,High,4,3,75.0,1
C0256,2025-04-03,Dating,Short,20,Visual,Evening,140,40128,890,92,319,467,89.0,97,4.41,375.09999999999997,Medium,4,1,25.0,0
C0257,2025-04-04,Work Stress,Short,43,Visual,Night,158,41095,1115,87,397,526,87.5,272,5.17,445.5,Medium,4,1,25.0,0
C0258,2025-04-04,Social Anxiety,Long,138,Visual,Night,213,13408,255,26,107,66,76.9,74,3.39,93.30000000000001,Low,3,2,66.67,0
C0259,2025-04-05,Dating,Short,48,Text,Morning,148,25703,1036,64,330,222,83.8,33,6.43,315.0,Medium,6,4,66.67,0
C0260,2025-04-05,Self Growth,Short,58,Visual,Evening,238,19533,808,108,322,234,59.2,44,7.54,301.4,Medium,3,2,66.67,0
C0261,2025-04-05,Family,Long,85,Visual,Evening,176,49005,1026,113,173,229,87.9,78,3.14,263.1,Medium,3,2,66.67,0
C0262,2025-04-06,Dating,Short,34,Visual,Night,198,29195,1452,90,385,261,78.0,54,7.49,395.5,Medium,4,2,50.0,0
C0263,2025-04-06,College Life,Short,25,Text,Evening,209,6207,215,27,98,108,89.5,10,7.22,98.5,Low,6,5,83.33,0
C0264,2025-04-06,Confidence,Short,56,Text,Morning,174,29916,1305,61,257,278,56.7,51,6.35,328.9,Medium,7,4,57.14,0
C0265,2025-04-07,Confidence,Long,123,Text,Evening,41,45465,1222,175,427,377,71.6,241,4.84,441.09999999999997,Medium,4,1,25.0,0
C0266,2025-04-07,Self Growth,Short,19,Text,Morning,128,7270,210,13,45,49,71.4,37,4.36,56.300000000000004,Low,7,3,42.86,0
C0267,2025-04-07,Friendship,Short,46,Text,Evening,62,54594,1277,78,324,589,82.7,348,4.15,449.59999999999997,Medium,3,2,66.67,0
C0268,2025-04-08,College Life,Short,16,Text,Evening,147,39853,1501,137,396,667,80.2,220,6.78,536.0,Medium,4,2,50.0,0
C0269,2025-04-08,Self Growth,Short,27,Visual,Evening,62,111924,5017,373,980,1152,83.7,740,6.72,1313.9,High,2,0,0.0,1
C0270,2025-04-09,Self Growth,Short,48,Text,Night,147,54746,1939,204,295,617,66.4,298,5.58,537.8000000000001,Medium,4,1,25.0,0
C0271,2025-04-09,College Life,Short,38,Visual,Evening,109,241243,9452,796,2151,4538,79.4,2010,7.02,3326.2,High,5,3,60.0,1
C0272,2025-04-09,Social Anxiety,Short,50,Visual,Evening,34,7834,267,10,65,66,78.2,59,5.21,74.5,Low,4,3,75.0,0
C0273,2025-04-10,Dating,Short,41,Text,Evening,58,161576,6216,226,1436,2897,82.0,1047,6.67,2110.3,High,4,4,100.0,1
C0274,2025-04-10,Confidence,Long,159,Visual,Night,145,39995,2774,280,854,1221,81.9,209,12.82,1041.3000000000002,High,5,2,40.0,1
C0275,2025-04-10,Friendship,Short,40,Visual,Night,48,4325,108,12,31,52,81.5,21,4.69,41.2,Low,6,3,50.0,0
C0276,2025-04-11,Friendship,Long,86,Text,Morning,226,27331,911,35,203,298,56.2,47,5.29,268.7,Medium,4,2,50.0,0
C0277,2025-04-11,Friendship,Short,18,Visual,Evening,204,20305,1332,123,534,618,81.1,42,12.84,556.8000000000001,Medium,2,1,50.0,0
C0278,2025-04-11,Family,Short,50,Visual,Afternoon,193,32569,1478,144,180,407,98.0,110,6.78,370.70000000000005,Medium,2,0,0.0,0
C0279,2025-04-12,Social Anxiety,Long,121,Text,Night,69,62637,1159,140,220,250,85.5,99,2.82,306.9,Medium,5,3,60.0,0
C0280,2025-04-12,Social Anxiety,Long,125,Text,Evening,213,30423,1612,185,538,273,39.3,67,8.57,495.30000000000007,Medium,7,4,57.14,0
C0281,2025-04-13,College Life,Short,15,Visual,Evening,175,203338,6269,444,1977,1789,80.6,348,5.15,2043.2,High,6,4,66.67,1
C0282,2025-04-13,Friendship,Long,94,Text,Afternoon,119,8751,363,41,115,107,78.3,19,7.15,122.6,Low,3,2,66.67,0
C0283,2025-04-13,Work Stress,Short,42,Text,Afternoon,30,24409,837,85,154,252,75.2,142,5.44,237.89999999999998,Medium,7,6,85.71,0
C0284,2025-04-14,Friendship,Short,22,Visual,Evening,151,1435,52,3,17,14,75.4,6,5.99,16.8,Low,4,1,25.0,0
C0285,2025-04-14,Friendship,Long,74,Visual,Afternoon,213,1033,51,2,16,19,69.3,2,8.52,17.6,Low,2,1,50.0,0
C0286,2025-04-14,Confidence,Short,60,Visual,Morning,37,10452,490,17,160,101,85.5,34,7.35,146.7,Low,2,1,50.0,0
C0287,2025-04-15,Dating,Long,139,Visual,Night,42,25502,1389,162,178,357,60.5,74,8.18,349.6,Medium,5,2,40.0,0
C0288,2025-04-15,Self Growth,Short,17,Visual,Evening,118,9795,403,24,188,122,91.9,61,7.52,156.9,Low,2,1,50.0,0
C0289,2025-04-15,Self Growth,Long,113,Visual,Afternoon,147,13251,497,45,81,144,71.4,53,5.79,134.3,Low,7,4,57.14,0
C0290,2025-04-16,Friendship,Short,53,Visual,Afternoon,139,21211,984,95,333,343,70.6,29,8.27,353.5,Medium,3,2,66.67,0
C0291,2025-04-16,Family,Short,33,Visual,Night,128,23083,1307,97,334,528,91.2,99,9.82,442.1,Medium,5,5,100.0,0
C0292,2025-04-17,College Life,Short,44,Visual,Evening,88,89202,3033,448,1246,873,64.5,161,6.28,1153.2,High,6,4,66.67,1
C0293,2025-04-17,Confidence,Short,16,Visual,Evening,43,197123,9598,1333,3124,4436,74.4,1202,9.38,3806.8,High,4,1,25.0,1
C0294,2025-04-17,College Life,Short,48,Visual,Afternoon,37,212158,8431,398,3695,5531,74.3,1522,8.51,4060.0,High,5,3,60.0,1
C0295,2025-04-18,Self Growth,Short,18,Visual,Afternoon,52,13552,654,66,110,104,98.0,88,6.89,153.8,Low,7,4,57.14,0
C0296,2025-04-18,Self Growth,Short,47,Text,Morning,188,15876,770,59,140,173,70.1,32,7.19,196.7,Low,2,0,0.0,0
C0297,2025-04-18,Family,Short,21,Visual,Evening,210,86251,3927,252,1037,707,58.5,537,6.87,1070.0,High,5,4,80.0,1
C0298,2025-04-19,Friendship,Short,54,Text,Morning,130,18440,365,47,111,78,71.2,93,3.26,113.70000000000002,Low,7,5,71.43,0
C0299,2025-04-19,College Life,Long,112,Text,Morning,47,34587,1306,141,235,310,73.6,160,5.76,345.79999999999995,Medium,5,2,40.0,0
C0300,2025-04-19,Social Anxiety,Long,164,Text,Evening,125,10426,485,29,129,96,76.8,28,7.09,134.7,Low,2,0,0.0,0
C0301,2025-04-20,College Life,Long,152,Text,Night,256,16974,606,79,121,167,91.8,56,5.73,174.9,Low,2,1,50.0,0
C0302,2025-04-20,Family,Short,15,Visual,Evening,87,77235,2758,347,1074,1773,94.1,215,7.71,1306.7,High,3,0,0.0,1
C0303,2025-04-21,Social Anxiety,Long,174,Text,Evening,142,111090,5036,433,1285,1032,70.9,149,7.01,1413.8,High,4,3,75.0,1
C0304,2025-04-21,Confidence,Short,42,Visual,Evening,153,68258,2814,142,1173,794,71.1,407,7.21,1017.2,High,5,4,80.0,1
C0305,2025-04-21,Self Growth,Short,28,Visual,Evening,105,11643,468,35,218,295,96.2,52,8.73,229.5,Medium,4,3,75.0,0
C0306,2025-04-22,Dating,Short,31,Visual,Afternoon,130,6081,289,20,70,87,76.3,17,7.66,87.0,Low,7,3,42.86,0
C0307,2025-04-22,College Life,Short,52,Visual,Evening,138,128289,2711,281,638,1649,73.4,1027,4.11,1077.2,High,6,2,33.33,1
C0308,2025-04-22,Self Growth,Short,20,Visual,Evening,139,19242,1110,106,421,387,75.8,95,10.52,416.7,Medium,3,1,33.33,0
C0309,2025-04-23,College Life,Short,33,Visual,Evening,195,54129,2032,233,394,979,67.5,494,6.72,701.1,High,5,2,40.0,1
C0310,2025-04-23,Social Anxiety,Long,99,Text,Night,163,10854,490,25,70,181,64.3,58,7.06,136.3,Low,3,3,100.0,0
C0311,2025-04-23,Work Stress,Short,37,Text,Night,42,47615,1362,180,491,345,74.7,281,4.99,472.1,Medium,5,2,40.0,0
C0312,2025-04-24,Work Stress,Short,30,Visual,Morning,31,24901,894,99,172,319,87.3,129,5.96,273.70000000000005,Medium,7,6,85.71,0
C0313,2025-04-24,Social Anxiety,Long,121,Text,Afternoon,124,38930,2095,265,477,722,65.1,58,9.14,669.9,High,7,6,85.71,1
C0314,2025-04-25,College Life,Short,18,Visual,Afternoon,238,102654,4802,679,2263,2724,67.3,171,10.2,2338.4,High,4,1,25.0,1
C0315,2025-04-25,Dating,Short,54,Visual,Afternoon,38,6495,276,37,59,70,64.0,46,6.81,79.6,Low,4,3,75.0,0
C0316,2025-04-25,Work Stress,Long,111,Text,Afternoon,46,5944,225,9,21,48,71.1,8,5.1,47.099999999999994,Low,2,2,100.0,0
C0317,2025-04-26,Work Stress,Long,141,Text,Morning,186,5284,213,27,26,34,69.7,12,5.68,47.3,Low,5,3,60.0,0
C0318,2025-04-26,Work Stress,Short,57,Visual,Evening,133,62915,2380,346,551,1410,74.5,347,7.45,950.6,High,3,2,66.67,1
C0319,2025-04-26,Confidence,Short,36,Visual,Evening,83,37905,1448,132,493,306,75.3,108,6.28,460.2,Medium,5,4,80.0,0
C0320,2025-04-27,Family,Short,29,Visual,Night,77,13832,610,34,192,115,83.9,35,6.88,179.10000000000002,Low,5,2,40.0,0
C0321,2025-04-27,College Life,Short,50,Visual,Morning,182,4091,147,19,36,64,93.9,16,6.5,52.1,Low,4,1,25.0,0
C0322,2025-04-27,Social Anxiety,Short,60,Visual,Morning,150,65262,3112,148,577,799,72.2,235,7.1,811.3000000000001,High,5,5,100.0,1
C0323,2025-04-28,Self Growth,Short,20,Text,Evening,176,164141,6479,483,1877,2691,77.9,916,7.02,2302.6,High,6,4,66.67,1
C0324,2025-04-28,Confidence,Short,59,Text,Morning,94,9156,408,22,47,91,86.6,12,6.2,91.30000000000001,Low,6,4,66.67,0
C0325,2025-04-29,Confidence,Long,118,Visual,Afternoon,151,12376,379,32,89,117,64.2,40,4.99,115.0,Low,3,2,66.67,0
C0326,2025-04-29,Dating,Short,21,Text,Night,227,17455,851,66,248,207,76.8,41,7.86,259.6,Medium,2,0,0.0,0
C0327,2025-04-29,Dating,Short,17,Visual,Afternoon,102,33882,763,81,140,323,79.6,175,3.86,245.39999999999998,Medium,3,3,100.0,0
C0328,2025-04-30,Social Anxiety,Short,47,Visual,Afternoon,121,14735,423,62,173,184,66.9,31,5.71,179.10000000000002,Low,2,1,50.0,0
C0329,2025-04-30,Dating,Long,108,Visual,Evening,67,33419,914,92,363,324,73.7,85,5.07,352.20000000000005,Medium,6,3,50.0,0
C0330,2025-04-30,Self Growth,Short,42,Text,Evening,176,51664,1228,117,289,353,77.3,330,3.85,367.70000000000005,Medium,4,1,25.0,0
C0331,2025-05-01,Self Growth,Short,17,Text,Evening,37,9653,595,64,152,115,82.6,26,9.59,167.60000000000002,Low,5,3,60.0,0
C0332,2025-05-01,College Life,Short,46,Text,Afternoon,87,41983,1142,136,290,427,65.1,221,4.75,385.5,Medium,4,2,50.0,0
C0333,2025-05-01,College Life,Short,25,Visual,Night,194,31108,895,56,184,246,80.1,102,4.44,248.1,Medium,4,3,75.0,0
C0334,2025-05-02,Family,Short,19,Text,Morning,34,21824,1218,43,166,246,90.8,43,7.67,270.6,Medium,6,6,100.0,0
C0335,2025-05-02,Friendship,Long,101,Visual,Evening,257,80038,2687,258,754,718,92.8,239,5.52,837.3,High,6,4,66.67,1
C0336,2025-05-03,Family,Short,23,Visual,Evening,122,56578,1987,258,813,736,92.8,404,6.71,796.3000000000001,High,6,6,100.0,1
C0337,2025-05-03,Confidence,Long,177,Text,Night,121,26138,657,63,143,214,57.2,72,4.12,199.7,Low,7,4,57.14,0
C0338,2025-05-03,College Life,Long,106,Visual,Afternoon,153,83531,4445,238,968,1126,76.5,192,8.11,1217.1,High,4,3,75.0,1
C0339,2025-05-04,Dating,Short,51,Text,Evening,177,172668,6892,977,2864,4605,72.2,880,8.88,3411.7000000000007,High,4,2,50.0,1
C0340,2025-05-04,Confidence,Short,42,Text,Morning,135,9106,442,46,85,142,79.8,25,7.85,130.0,Low,6,4,66.67,0
C0341,2025-05-04,Work Stress,Short,28,Text,Morning,233,34986,1616,152,187,574,69.3,164,7.23,439.0,Medium,6,2,33.33,0
C0342,2025-05-05,College Life,Long,104,Visual,Morning,251,2767,121,13,20,37,54.9,16,6.9,33.800000000000004,Low,4,3,75.0,0
C0343,2025-05-05,Self Growth,Short,45,Visual,Evening,76,71077,2735,271,955,601,76.6,369,6.42,890.0,High,7,2,28.57,1
C0344,2025-05-05,Self Growth,Short,45,Text,Afternoon,192,14860,472,45,121,186,84.2,50,5.55,160.4,Low,3,3,100.0,0
C0345,2025-05-06,Confidence,Short,23,Text,Evening,99,92598,5078,542,1879,2304,79.9,310,10.59,2059.0,High,3,2,66.67,1
C0346,2025-05-06,College Life,Long,96,Text,Morning,259,733,30,3,4,9,73.0,3,6.28,7.9,Low,2,2,100.0,0
C0347,2025-05-07,Confidence,Short,40,Text,Night,88,130479,4030,357,944,833,79.2,503,4.72,1101.9,High,3,3,100.0,1
C0348,2025-05-07,Confidence,Short,60,Visual,Night,97,29220,1302,97,334,278,84.0,70,6.88,366.6,Medium,2,1,50.0,0
C0349,2025-05-07,Dating,Short,36,Visual,Morning,194,4752,195,18,31,64,85.3,33,6.48,54.7,Low,4,0,0.0,0
C0350,2025-05-08,Dating,Long,155,Text,Morning,211,32158,889,78,107,181,66.3,166,3.9,201.6,Low,3,0,0.0,0
C0351,2025-05-08,Self Growth,Short,30,Visual,Morning,59,125237,4421,450,1548,1921,80.8,446,6.66,1727.6,High,5,5,100.0,1
C0352,2025-05-08,Social Anxiety,Short,16,Text,Night,157,22213,806,36,244,245,94.4,81,5.99,258.90000000000003,Medium,6,5,83.33,0
C0353,2025-05-09,College Life,Long,105,Visual,Afternoon,109,6745,207,19,45,53,73.4,30,4.8,58.4,Low,6,2,33.33,0
C0354,2025-05-09,Friendship,Long,99,Text,Evening,170,10671,228,22,37,44,69.4,58,3.1,55.2,Low,6,3,50.0,0
C0355,2025-05-09,Confidence,Short,48,Text,Evening,158,59249,1202,80,296,257,78.0,255,3.1,331.7,Medium,3,2,66.67,0
C0356,2025-05-10,Confidence,Short,31,Visual,Night,256,17639,596,44,90,124,77.8,59,4.84,141.6,Low,5,3,60.0,0
C0357,2025-05-10,Dating,Long,96,Visual,Evening,244,98991,3922,230,665,1787,67.6,317,6.67,1240.3000000000002,High,7,3,42.86,1
C0358,2025-05-11,Confidence,Long,94,Text,Evening,180,4541,113,17,27,38,71.1,12,4.29,36.900000000000006,Low,7,5,71.43,0
C0359,2025-05-11,Social Anxiety,Short,16,Visual,Night,186,106783,4107,637,1316,3090,74.9,254,8.57,1991.5000000000002,High,3,2,66.67,1
C0360,2025-05-11,Work Stress,Short,38,Text,Morning,236,77936,3348,281,855,994,75.5,361,7.03,1031.2,High,2,1,50.0,1
C0361,2025-05-12,Family,Long,68,Text,Night,72,54505,2968,196,458,796,61.1,73,8.11,758.0,High,4,3,75.0,1
C0362,2025-05-12,Confidence,Long,149,Text,Morning,196,20765,866,86,78,172,70.1,49,5.79,186.60000000000002,Low,4,3,75.0,0
C0363,2025-05-12,Dating,Long,61,Visual,Evening,207,34583,918,91,149,475,77.8,229,4.72,312.1,Medium,2,1,50.0,0
C0364,2025-05-13,Confidence,Short,26,Text,Night,59,7593,250,42,88,141,74.9,25,6.86,110.9,Low,4,2,50.0,0
C0365,2025-05-13,Social Anxiety,Short,52,Visual,Evening,232,64606,1321,60,355,836,59.9,262,3.98,536.9,Medium,5,4,80.0,0
C0366,2025-05-13,Self Growth,Long,112,Text,Evening,190,130828,6796,233,941,1072,74.9,785,6.91,1424.2,High,3,0,0.0,1
C0367,2025-05-14,Friendship,Long,148,Text,Afternoon,109,14945,425,38,69,115,70.2,21,4.33,112.2,Low,4,2,50.0,0
C0368,2025-05-14,College Life,Long,119,Visual,Evening,141,89910,5402,258,945,1003,62.1,612,8.46,1270.7,High,5,4,80.0,1
C0369,2025-05-15,Social Anxiety,Short,16,Visual,Afternoon,142,111998,3575,385,1235,857,87.7,199,5.4,1185.6,High,3,1,33.33,1
C0370,2025-05-15,Family,Short,17,Visual,Evening,241,85614,4540,530,1241,2000,66.0,347,9.71,1656.4,High,6,2,33.33,1
C0371,2025-05-15,College Life,Long,152,Text,Evening,252,10684,292,13,39,110,79.5,49,4.25,80.4,Low,5,2,40.0,0
C0372,2025-05-16,Work Stress,Short,18,Visual,Afternoon,215,95409,2532,237,873,605,79.4,306,4.45,831.3000000000001,High,6,4,66.67,1
C0373,2025-05-16,Friendship,Long,132,Visual,Afternoon,180,653,33,3,5,4,49.3,2,6.89,7.1000000000000005,Low,6,5,83.33,0
C0374,2025-05-16,College Life,Short,48,Text,Afternoon,53,24702,1367,164,349,585,78.8,56,9.98,484.6,Medium,3,3,100.0,0
C0375,2025-05-17,Confidence,Long,105,Text,Afternoon,240,19960,937,105,114,179,64.9,64,6.69,214.0,Medium,7,3,42.86,0
C0376,2025-05-17,Social Anxiety,Long,175,Text,Morning,60,24488,761,55,214,137,63.4,38,4.77,213.8,Medium,4,0,0.0,0
C0377,2025-05-18,Work Stress,Short,21,Text,Night,68,13742,986,83,160,327,69.6,75,11.32,277.3,Medium,3,1,33.33,0
C0378,2025-05-18,Work Stress,Short,21,Text,Evening,46,81021,2999,238,729,1317,75.7,384,6.52,1034.2,High,5,1,20.0,1
C0379,2025-05-18,Friendship,Short,41,Text,Morning,247,43360,2525,268,400,668,72.1,150,8.9,666.5,High,6,4,66.67,1
C0380,2025-05-19,College Life,Short,28,Visual,Evening,143,117423,3507,297,1500,1421,61.4,228,5.73,1436.4,High,4,3,75.0,1
C0381,2025-05-19,Social Anxiety,Short,28,Text,Night,84,1048,44,3,9,14,89.7,4,6.68,12.8,Low,4,2,50.0,0
C0382,2025-05-19,Confidence,Short,23,Text,Afternoon,48,68758,814,84,218,155,74.6,268,1.85,231.9,Medium,2,1,50.0,0
C0383,2025-05-20,Confidence,Long,89,Text,Morning,124,101185,2928,224,583,702,61.7,187,4.39,781.4000000000001,High,6,5,83.33,1
C0384,2025-05-20,Dating,Short,16,Text,Morning,196,14741,562,35,140,273,65.7,70,6.85,201.09999999999997,Low,5,0,0.0,0
C0385,2025-05-20,Social Anxiety,Short,26,Text,Morning,258,14516,354,30,63,85,84.7,22,3.66,92.1,Low,3,2,66.67,0
C0386,2025-05-21,Social Anxiety,Short,40,Visual,Evening,157,101245,4076,610,1389,1612,67.0,339,7.59,1568.8000000000002,High,6,3,50.0,1
C0387,2025-05-21,Social Anxiety,Short,37,Text,Night,169,44510,2052,247,924,649,78.3,277,8.7,818.9,High,3,2,66.67,1
C0388,2025-05-22,Family,Short,47,Text,Morning,222,29125,902,63,205,135,71.2,46,4.48,225.3,Medium,6,4,66.67,0
C0389,2025-05-22,Confidence,Short,24,Visual,Evening,237,35625,1082,104,290,290,74.7,110,4.96,332.0,Medium,3,2,66.67,0
C0390,2025-05-22,Dating,Short,44,Text,Morning,94,67251,1739,144,287,356,66.0,310,3.76,424.30000000000007,Medium,5,4,80.0,0
C0391,2025-05-23,Work Stress,Short,49,Visual,Evening,258,58006,1484,143,591,766,73.8,367,5.14,643.2,High,3,1,33.33,1
C0392,2025-05-23,Dating,Long,111,Text,Evening,149,35286,1414,121,195,322,69.1,50,5.82,340.20000000000005,Medium,5,3,60.0,0
C0393,2025-05-23,College Life,Short,26,Text,Afternoon,243,64113,2124,158,354,974,79.4,117,5.63,677.8,High,3,1,33.33,1
C0394,2025-05-24,Self Growth,Short,40,Visual,Morning,57,41338,1611,104,271,478,72.1,149,5.96,433.70000000000005,Medium,3,1,33.33,0
C0395,2025-05-24,Work Stress,Long,132,Visual,Evening,52,8455,599,68,118,215,71.1,37,11.83,185.20000000000002,Low,5,2,40.0,0
C0396,2025-05-24,Family,Long,66,Text,Night,233,25441,617,46,193,275,77.9,73,4.45,230.59999999999997,Medium,3,0,0.0,0
C0397,2025-05-25,Social Anxiety,Short,40,Visual,Afternoon,184,11040,526,75,228,207,63.4,63,9.38,220.9,Medium,6,4,66.67,0
C0398,2025-05-25,Dating,Short,22,Text,Afternoon,70,21292,650,57,95,103,76.9,116,4.25,145.3,Low,5,2,40.0,0
C0399,2025-05-26,College Life,Short,41,Visual,Morning,235,78736,2701,287,701,1326,70.5,541,6.37,1005.7,High,7,5,71.43,1
C0400,2025-05-26,College Life,Short,57,Text,Evening,53,21436,938,57,420,231,66.5,80,7.68,342.5,Medium,2,1,50.0,0
C0401,2025-05-26,Confidence,Short,39,Text,Evening,186,48136,3031,146,689,648,79.6,108,9.38,802.3,High,7,4,57.14,1
C0402,2025-05-27,Family,Short,50,Text,Night,77,29369,1139,53,156,165,71.5,73,5.15,236.4,Medium,5,3,60.0,0
C0403,2025-05-27,College Life,Short,29,Visual,Evening,46,85134,4131,381,1146,2367,67.8,226,9.43,1657.8000000000002,High,7,3,42.86,1
C0404,2025-05-27,Confidence,Short,57,Text,Night,215,9976,446,61,118,71,90.2,33,6.98,125.30000000000001,Low,7,6,85.71,0
C0405,2025-05-28,Friendship,Long,111,Visual,Night,224,73027,2730,300,783,719,81.2,429,6.21,861.9000000000001,High,2,0,0.0,1
C0406,2025-05-28,Self Growth,Short,57,Visual,Afternoon,54,59106,2916,105,798,854,60.7,191,7.91,888.0000000000001,High,2,2,100.0,1
C0407,2025-05-28,Friendship,Short,49,Visual,Evening,51,65586,4340,264,697,1955,65.3,167,11.06,1352.1,High,4,2,50.0,1
C0408,2025-05-29,Dating,Short,44,Text,Afternoon,171,12707,647,29,164,145,82.9,52,7.75,179.60000000000002,Low,6,3,50.0,0
C0409,2025-05-29,Confidence,Short,39,Text,Afternoon,36,12074,587,77,92,220,74.2,73,8.08,176.90000000000003,Low,7,5,71.43,0
C0410,2025-05-30,Social Anxiety,Short,57,Visual,Night,201,11646,547,33,235,289,95.0,33,9.48,242.0,Medium,2,1,50.0,0
C0411,2025-05-30,Dating,Long,70,Visual,Evening,240,55654,1065,64,273,381,78.2,348,3.2,342.8,Medium,3,3,100.0,0
C0412,2025-05-30,Dating,Long,79,Text,Night,202,95321,4228,431,676,1075,72.0,506,6.72,1101.9,High,7,5,71.43,1
C0413,2025-05-31,College Life,Long,140,Visual,Evening,83,48952,1269,119,328,594,61.8,184,4.72,460.1,Medium,4,3,75.0,0
C0414,2025-05-31,Dating,Long,100,Visual,Evening,73,4335,126,8,28,61,76.9,22,5.14,43.7,Low,7,3,42.86,0
C0415,2025-05-31,Social Anxiety,Long,89,Text,Evening,186,74917,4815,529,952,1516,56.2,283,10.43,1422.9,High,5,2,40.0,1
C0416,2025-06-01,Work Stress,Long,141,Visual,Morning,44,44655,1780,72,316,332,85.1,90,5.6,418.4,Medium,5,3,60.0,0
C0417,2025-06-01,Confidence,Short,24,Text,Afternoon,153,10358,291,11,82,47,81.2,33,4.16,78.20000000000002,Low,5,3,60.0,0
C0418,2025-06-01,Social Anxiety,Short,20,Text,Evening,133,15212,642,35,331,195,68.8,32,7.91,262.1,Medium,5,2,40.0,0
C0419,2025-06-02,College Life,Short,60,Visual,Morning,201,3923,94,7,24,19,88.0,21,3.67,26.1,Low,3,1,33.33,0
C0420,2025-06-02,Self Growth,Short,19,Visual,Night,76,60452,1758,278,331,389,98.0,406,4.56,480.5,Medium,3,1,33.33,0
C0421,2025-06-03,Confidence,Short,43,Text,Morning,205,32275,1970,165,357,315,74.8,79,8.7,467.3,Medium,7,5,71.43,0
C0422,2025-06-03,Work Stress,Long,165,Text,Afternoon,190,29582,1129,134,190,368,74.5,93,6.16,326.1,Medium,5,2,40.0,0
C0423,2025-06-03,Family,Short,23,Text,Evening,84,61876,1055,81,210,507,72.7,157,2.99,357.79999999999995,Medium,6,2,33.33,0
C0424,2025-06-04,Self Growth,Short,47,Visual,Morning,112,2464,126,12,36,48,80.9,4,9.01,43.8,Low,2,1,50.0,0
C0425,2025-06-04,Friendship,Short,59,Text,Night,45,59400,1580,277,729,757,61.9,304,5.63,732.1,High,3,2,66.67,1
C0426,2025-06-04,Dating,Short,51,Text,Evening,133,52306,2605,224,522,1347,77.0,121,8.98,918.1999999999999,High,7,5,71.43,1
C0427,2025-06-05,Family,Short,59,Visual,Morning,89,56665,1993,249,494,322,80.4,287,5.4,543.3000000000001,Medium,3,2,66.67,0
C0428,2025-06-05,Family,Long,151,Text,Evening,56,67419,3564,363,819,1153,87.0,153,8.75,1102.5,High,5,3,60.0,1
C0429,2025-06-05,Social Anxiety,Short,45,Text,Evening,158,63517,4319,448,939,1257,59.0,471,10.96,1274.2,High,3,2,66.67,1
C0430,2025-06-06,Work Stress,Long,163,Visual,Evening,160,86864,2762,151,652,786,69.2,276,5.01,803.0,High,4,1,25.0,1
C0431,2025-06-06,Social Anxiety,Short,54,Visual,Night,49,6765,290,25,51,151,92.9,28,7.64,99.7,Low,7,5,71.43,0
C0432,2025-06-07,Work Stress,Short,49,Text,Evening,72,13034,459,51,87,268,74.6,75,6.64,171.3,Low,6,3,50.0,0
C0433,2025-06-07,Family,Short,26,Visual,Evening,48,65339,2041,250,748,500,78.3,306,5.42,703.3,High,6,4,66.67,1
C0434,2025-06-07,Dating,Long,148,Visual,Afternoon,186,11894,543,66,127,186,63.7,25,7.75,174.1,Low,5,2,40.0,0
C0435,2025-06-08,Friendship,Long,110,Visual,Evening,107,31756,990,88,224,234,62.7,200,4.84,276.4,Medium,7,4,57.14,0
C0436,2025-06-08,Social Anxiety,Short,15,Text,Night,46,18934,794,91,182,134,58.7,68,6.34,210.6,Medium,2,2,100.0,0
C0437,2025-06-08,Self Growth,Long,158,Visual,Evening,74,13465,505,68,188,93,65.7,23,6.34,167.2,Low,2,1,50.0,0
C0438,2025-06-09,Confidence,Short,27,Text,Evening,254,18617,855,72,183,173,67.1,70,6.89,225.0,Medium,6,3,50.0,0
C0439,2025-06-09,Social Anxiety,Long,131,Text,Evening,88,88548,3753,159,1267,1469,70.2,410,7.51,1354.6,High,5,3,60.0,1
C0440,2025-06-09,Friendship,Short,30,Text,Evening,187,5018,157,8,58,49,69.1,26,5.42,55.20000000000001,Low,5,4,80.0,0
C0441,2025-06-10,Confidence,Short,53,Text,Night,137,12072,324,16,78,63,72.2,70,3.98,85.7,Low,3,3,100.0,0
C0442,2025-06-10,College Life,Long,137,Visual,Morning,71,32050,1396,56,295,496,67.5,116,7.0,417.5999999999999,Medium,2,2,100.0,0
C0443,2025-06-11,Dating,Short,39,Visual,Afternoon,100,38580,1499,205,464,556,79.5,105,7.06,543.3,Medium,4,1,25.0,0
C0444,2025-06-11,Friendship,Short,52,Visual,Evening,33,160678,4176,309,2077,1976,74.7,541,5.31,1903.0,High,2,2,100.0,1
C0445,2025-06-11,Self Growth,Short,16,Text,Evening,201,62259,2103,290,632,982,66.4,119,6.44,815.7,High,7,4,57.14,1
C0446,2025-06-12,Work Stress,Short,49,Text,Evening,106,12996,227,21,30,71,77.9,73,2.69,60.2,Low,3,3,100.0,0
C0447,2025-06-12,College Life,Long,78,Visual,Morning,144,156263,3914,473,668,1248,82.7,235,4.03,1127.6,High,2,2,100.0,1
C0448,2025-06-12,Confidence,Long,112,Text,Evening,65,19779,721,40,166,223,70.3,80,5.81,213.40000000000003,Medium,4,1,25.0,0
C0449,2025-06-13,Self Growth,Long,147,Text,Evening,219,72371,2161,196,565,830,62.9,301,5.18,730.3000000000001,High,2,2,100.0,1
C0450,2025-06-13,College Life,Short,21,Visual,Evening,80,13040,696,79,312,269,78.8,98,10.4,290.90000000000003,Medium,3,3,100.0,0
C0451,2025-06-13,Confidence,Short,51,Visual,Evening,160,14524,579,54,180,220,59.5,27,7.11,206.70000000000002,Medium,4,4,100.0,0
C0452,2025-06-14,Confidence,Short,52,Visual,Evening,230,45507,1647,103,338,370,78.6,127,5.4,431.5,Medium,5,2,40.0,0
C0453,2025-06-14,Friendship,Short,60,Visual,Evening,194,187076,7223,686,1042,3440,76.0,1515,6.62,2308.3,High,3,2,66.67,1
C0454,2025-06-15,Social Anxiety,Short,46,Visual,Night,168,76983,3403,128,1196,1017,70.7,445,7.46,1149.4,High,2,1,50.0,1
C0455,2025-06-15,Self Growth,Long,133,Text,Evening,234,31870,671,73,173,170,61.5,109,3.41,201.90000000000003,Low,3,1,33.33,0
C0456,2025-06-15,Self Growth,Long,90,Text,Evening,70,17175,632,51,176,279,64.9,85,6.63,227.5,Medium,6,2,33.33,0
C0457,2025-06-16,Dating,Long,128,Text,Evening,251,2101,56,3,9,19,78.9,13,4.14,15.5,Low,2,0,0.0,0
C0458,2025-06-16,Work Stress,Short,44,Visual,Morning,158,78414,3286,335,573,521,90.9,193,6.01,781.1,High,6,5,83.33,1
C0459,2025-06-16,Family,Short,30,Text,Afternoon,124,15934,159,9,48,35,67.7,85,1.58,47.400000000000006,Low,6,4,66.67,0
C0460,2025-06-17,Social Anxiety,Short,37,Visual,Evening,88,12452,310,41,73,121,74.8,31,4.38,104.7,Low,5,3,60.0,0
C0461,2025-06-17,Work Stress,Short,22,Visual,Night,201,20549,1385,152,184,618,75.1,150,11.38,427.9,Medium,2,1,50.0,0
C0462,2025-06-17,Dating,Short,35,Text,Evening,254,9566,400,34,158,172,85.1,24,7.99,161.60000000000002,Low,5,4,80.0,0
C0463,2025-06-18,Work Stress,Short,25,Text,Morning,188,10606,597,39,129,115,78.5,23,8.3,153.6,Low,2,1,50.0,0
C0464,2025-06-18,Friendship,Short,20,Visual,Evening,37,314920,14651,889,7846,7870,80.9,682,9.93,7142.3,High,6,4,66.67,1
C0465,2025-06-19,Social Anxiety,Long,114,Visual,Afternoon,137,2826,139,17,43,38,77.4,15,8.39,45.9,Low,2,1,50.0,0
C0466,2025-06-19,Confidence,Short,38,Text,Evening,198,39198,1211,132,419,252,71.0,286,5.14,390.70000000000005,Medium,6,5,83.33,0
C0467,2025-06-19,Dating,Long,140,Text,Night,121,97599,2979,97,304,1002,82.6,251,4.49,739.5,High,2,1,50.0,1
C0468,2025-06-20,Self Growth,Short,19,Visual,Evening,207,11150,568,53,177,124,80.0,41,8.27,175.4,Low,5,2,40.0,0
C0469,2025-06-20,Dating,Short,38,Text,Evening,192,143970,4777,254,2300,3131,68.4,477,7.27,2387.8,High,7,3,42.86,1
C0470,2025-06-20,Confidence,Short,22,Text,Afternoon,45,23039,1841,156,330,607,74.7,41,12.73,529.4000000000001,Medium,6,3,50.0,0
C0471,2025-06-21,Work Stress,Short,15,Visual,Evening,158,41037,1582,125,581,312,92.3,276,6.34,509.20000000000005,Medium,2,2,100.0,0
C0472,2025-06-21,Family,Short,21,Text,Night,69,8447,579,23,140,200,72.7,11,11.15,178.5,Low,6,2,33.33,0
C0473,2025-06-21,Friendship,Short,35,Text,Evening,141,66541,2689,299,429,1145,86.5,504,6.86,843.8,High,2,1,50.0,1
C0474,2025-06-22,Friendship,Long,91,Text,Evening,118,13846,688,48,176,257,62.7,83,8.44,225.89999999999998,Medium,2,2,100.0,0
C0475,2025-06-22,Work Stress,Short,26,Visual,Afternoon,215,23289,1479,130,397,483,72.3,41,10.69,477.6,Medium,5,2,40.0,0
C0476,2025-06-23,Family,Short,28,Visual,Morning,229,1185,24,3,3,4,86.6,4,2.87,5.4,Low,4,2,50.0,0
C0477,2025-06-23,Family,Short,26,Text,Morning,136,18543,522,83,101,88,68.3,101,4.28,135.60000000000002,Low,7,3,42.86,0
C0478,2025-06-23,Social Anxiety,Short,31,Text,Afternoon,153,11444,345,25,90,123,85.2,72,5.09,112.4,Low,2,2,100.0,0
C0479,2025-06-24,Work Stress,Short,47,Visual,Afternoon,174,24388,618,75,92,109,83.5,125,3.67,146.3,Low,2,1,50.0,0
C0480,2025-06-24,Social Anxiety,Short,29,Text,Night,180,79927,3316,276,918,1058,68.3,118,6.97,1071.4,High,5,3,60.0,1
C0481,2025-06-24,College Life,Long,138,Text,Evening,176,12785,383,58,129,146,68.3,19,5.6,145.3,Low,5,4,80.0,0
C0482,2025-06-25,Family,Long,86,Visual,Afternoon,210,1910,89,4,18,12,66.5,8,6.44,20.5,Low,4,2,50.0,0
C0483,2025-06-25,College Life,Long,116,Text,Morning,255,1200,45,6,10,17,72.5,3,6.5,14.8,Low,2,0,0.0,0
C0484,2025-06-25,Family,Short,40,Visual,Afternoon,220,21422,289,14,107,131,98.0,101,2.53,113.8,Low,2,2,100.0,0
C0485,2025-06-26,Friendship,Short,47,Visual,Night,60,78701,3720,608,1718,2202,76.3,492,10.48,1841.4,High,4,3,75.0,1
C0486,2025-06-26,Dating,Long,163,Visual,Afternoon,139,87867,2363,413,661,497,77.3,288,4.48,732.4000000000001,High,6,3,50.0,1
C0487,2025-06-27,College Life,Short,51,Visual,Evening,136,80727,3358,303,817,1480,80.2,212,7.38,1167.2,High,4,3,75.0,1
C0488,2025-06-27,Self Growth,Short,28,Text,Night,147,10017,558,42,145,207,77.2,34,9.5,184.3,Low,5,3,60.0,0
C0489,2025-06-27,Family,Short,21,Visual,Morning,151,39002,2027,217,366,554,78.3,216,8.11,558.7,Medium,2,2,100.0,0
C0490,2025-06-28,Self Growth,Long,71,Text,Evening,195,6830,254,16,75,90,60.4,18,6.37,85.60000000000001,Low,3,3,100.0,0
C0491,2025-06-28,Confidence,Short,55,Visual,Night,126,30107,390,38,104,139,83.4,50,2.23,129.89999999999998,Low,7,4,57.14,0
C0492,2025-06-28,Family,Long,147,Text,Evening,90,3822,153,16,27,35,66.1,21,6.04,39.8,Low,3,2,66.67,0
C0493,2025-06-29,Family,Long,85,Visual,Morning,135,30702,1391,115,241,237,63.0,114,6.46,329.6,Medium,6,1,16.67,0
C0494,2025-06-29,Self Growth,Short,30,Text,Night,226,24172,658,31,158,235,87.1,104,4.48,205.7,Low,5,2,40.0,0
C0495,2025-06-29,College Life,Long,164,Text,Night,101,87384,3690,473,1076,651,70.0,458,6.74,1089.3000000000002,High,6,5,83.33,1
C0496,2025-06-30,Friendship,Short,51,Text,Evening,34,42669,1541,69,295,730,74.7,169,6.18,504.90000000000003,Medium,6,3,50.0,0
C0497,2025-06-30,Social Anxiety,Short,43,Visual,Evening,254,120806,2941,268,1283,1316,93.4,1175,4.81,1255.7,High,3,2,66.67,1
C0498,2025-07-01,College Life,Short,55,Visual,Afternoon,75,38540,1972,84,275,399,61.6,257,7.08,443.70000000000005,Medium,3,3,100.0,0
C0499,2025-07-01,Confidence,Long,130,Visual,Night,168,21181,748,34,186,238,84.7,53,5.69,227.40000000000003,Medium,4,2,50.0,0
C0500,2025-07-01,Friendship,Short,36,Visual,Evening,214,14757,417,18,214,191,71.2,61,5.69,188.2,Low,3,1,33.33,0
C0501,2025-07-02,Social Anxiety,Short,20,Visual,Morning,93,34349,1207,83,278,290,82.1,104,5.41,335.5,Medium,7,5,71.43,0
C0502,2025-07-02,Work Stress,Short,59,Text,Evening,108,18138,1080,102,153,496,71.1,94,10.09,338.4,Medium,2,1,50.0,0
C0503,2025-07-02,Confidence,Short,38,Visual,Night,94,7014,243,24,93,117,70.8,37,6.8,101.4,Low,5,3,60.0,0
C0504,2025-07-03,Family,Short,40,Visual,Night,64,47792,2190,203,644,711,93.1,208,7.84,730.5,High,5,2,40.0,1
C0505,2025-07-03,College Life,Short,34,Visual,Afternoon,65,12455,376,44,94,199,98.0,91,5.72,143.7,Low,7,5,71.43,0
C0506,2025-07-04,Friendship,Short,27,Text,Morning,72,14354,566,32,140,192,74.8,49,6.48,176.6,Low,7,5,71.43,0
C0507,2025-07-04,Self Growth,Long,79,Text,Night,135,4552,292,10,66,64,72.4,21,9.49,76.80000000000001,Low,4,1,25.0,0
C0508,2025-07-04,Dating,Short,37,Text,Night,152,62977,2620,301,567,731,77.6,341,6.7,768.3,High,5,2,40.0,1
C0509,2025-07-05,College Life,Long,136,Visual,Evening,33,129173,5870,643,1838,1429,89.3,583,7.57,1879.5,High,6,6,100.0,1
C0510,2025-07-05,Dating,Short,16,Visual,Evening,224,239421,10421,1053,3449,4582,58.9,451,8.15,4006.8999999999996,High,4,3,75.0,1
C0511,2025-07-05,Confidence,Short,27,Text,Evening,185,5748,142,7,22,40,80.8,30,3.67,36.4,Low,4,3,75.0,0
C0512,2025-07-06,Work Stress,Short,51,Text,Evening,46,51171,1378,172,477,600,69.7,261,5.13,543.0,Medium,7,5,71.43,0
C0513,2025-07-06,Family,Short,19,Visual,Morning,223,25931,1008,40,172,259,56.4,43,5.7,255.3,Medium,3,2,66.67,0
C0514,2025-07-06,Family,Long,92,Visual,Morning,37,18794,621,57,141,146,68.4,79,5.13,173.70000000000002,Low,4,2,50.0,0
C0515,2025-07-07,Confidence,Short,52,Visual,Afternoon,158,9839,260,11,64,107,98.0,37,4.49,85.9,Low,3,2,66.67,0
C0516,2025-07-07,Social Anxiety,Short,29,Text,Night,136,205881,3653,324,888,1744,70.4,718,3.21,1308.5,High,4,2,50.0,1
C0517,2025-07-08,Confidence,Short,27,Visual,Morning,145,16427,399,28,76,90,87.9,91,3.61,102.9,Low,4,2,50.0,0
C0518,2025-07-08,Social Anxiety,Long,172,Text,Afternoon,249,2782,93,11,18,38,81.0,7,5.75,30.1,Low,7,3,42.86,0
C0519,2025-07-08,Friendship,Short,23,Text,Evening,243,30010,1347,46,407,547,76.9,160,7.82,470.79999999999995,Medium,3,2,66.67,0
C0520,2025-07-09,Self Growth,Short,16,Text,Afternoon,94,55034,1585,149,412,267,78.2,236,4.38,433.2,Medium,3,2,66.67,0
C0521,2025-07-09,College Life,Long,79,Text,Morning,163,23647,742,47,219,194,51.8,26,5.08,229.40000000000003,Medium,2,1,50.0,0
C0522,2025-07-09,Dating,Long,179,Visual,Evening,250,17632,522,63,147,153,64.8,70,5.02,169.5,Low,7,5,71.43,0
C0523,2025-07-10,Dating,Long,118,Text,Afternoon,197,59151,3251,150,483,966,78.1,117,8.2,838.1,High,2,2,100.0,1
C0524,2025-07-10,Family,Short,47,Visual,Evening,234,123850,3851,196,785,1799,80.6,326,5.35,1278.0,High,5,4,80.0,1
C0525,2025-07-10,College Life,Short,28,Visual,Night,130,51043,2499,270,908,958,83.7,304,9.08,954.5,High,5,2,40.0,1
C0526,2025-07-11,College Life,Short,18,Visual,Morning,95,75403,2912,131,731,1338,81.3,95,6.78,1011.2,High,5,2,40.0,1
C0527,2025-07-11,Confidence,Long,98,Visual,Night,147,33792,714,42,158,174,93.9,206,3.22,195.20000000000002,Low,5,4,80.0,0
C0528,2025-07-12,Dating,Short,36,Visual,Night,217,29665,871,137,328,397,75.7,125,5.84,364.8,Medium,3,3,100.0,0
C0529,2025-07-12,Confidence,Long,157,Visual,Night,243,21754,573,61,104,203,88.1,56,4.33,172.0,Low,6,3,50.0,0
C0530,2025-07-12,Confidence,Short,30,Visual,Evening,187,39737,1388,187,515,863,81.3,309,7.43,641.0999999999999,High,7,4,57.14,1
C0531,2025-07-13,Self Growth,Short,17,Visual,Evening,192,57221,1408,117,563,870,96.9,281,5.17,650.4000000000001,High,6,3,50.0,1
C0532,2025-07-13,Dating,Long,155,Visual,Evening,147,39224,1653,156,671,445,59.8,204,7.46,598.4000000000001,High,5,4,80.0,1
C0533,2025-07-13,Dating,Short,37,Visual,Evening,103,117920,2530,301,563,694,81.8,822,3.47,746.5999999999999,High,7,4,57.14,1
C0534,2025-07-14,College Life,Long,122,Text,Morning,127,27436,1123,53,212,188,65.1,128,5.74,264.1,Medium,4,3,75.0,0
C0535,2025-07-14,Self Growth,Short,60,Visual,Night,144,21757,1005,112,165,343,81.4,46,7.47,291.79999999999995,Medium,2,1,50.0,0
C0536,2025-07-14,Dating,Short,50,Visual,Evening,217,56152,2255,129,1205,919,92.2,123,8.03,1009.0,High,6,3,50.0,1
C0537,2025-07-15,Friendship,Short,30,Visual,Night,157,31804,1064,122,290,490,83.8,253,6.18,393.79999999999995,Medium,2,0,0.0,0
C0538,2025-07-15,Social Anxiety,Short,58,Visual,Afternoon,212,32426,1232,130,340,569,92.2,45,7.0,455.9,Medium,6,3,50.0,0
C0539,2025-07-16,Self Growth,Short,29,Text,Morning,36,43887,1466,158,490,467,70.3,198,5.88,514.3000000000001,Medium,3,2,66.67,0
C0540,2025-07-16,Social Anxiety,Short,21,Text,Evening,204,9418,610,47,163,176,68.8,55,10.58,188.4,Low,4,0,0.0,0
C0541,2025-07-16,Work Stress,Short,58,Text,Evening,146,9351,198,10,35,56,77.2,42,3.2,52.599999999999994,Low,2,0,0.0,0
C0542,2025-07-17,Social Anxiety,Short,59,Text,Evening,259,43547,1252,85,358,478,76.6,313,4.99,428.8,Medium,4,2,50.0,0
C0543,2025-07-17,Dating,Short,29,Visual,Afternoon,138,26471,1893,222,323,872,78.1,203,12.5,624.5,High,7,4,57.14,1
C0544,2025-07-17,Dating,Short,42,Text,Afternoon,140,50210,1692,164,591,339,67.4,70,5.55,540.1,Medium,2,1,50.0,0
C0545,2025-07-18,Family,Short,22,Visual,Evening,59,55343,824,75,279,413,92.0,297,2.87,332.9,Medium,6,3,50.0,0
C0546,2025-07-18,Social Anxiety,Short,44,Text,Afternoon,215,1211,30,2,12,8,73.4,6,4.29,10.600000000000001,Low,2,1,50.0,0
C0547,2025-07-18,Friendship,Short,46,Visual,Night,191,3985,38,4,16,12,94.3,13,1.76,14.600000000000001,Low,4,2,50.0,0
C0548,2025-07-19,Self Growth,Long,159,Text,Morning,228,24617,1236,79,228,357,69.1,110,7.72,337.70000000000005,Medium,6,3,50.0,0
C0549,2025-07-19,Self Growth,Long,117,Visual,Afternoon,51,150473,7837,405,1429,1405,78.5,480,7.36,1857.8,High,7,4,57.14,1
C0550,2025-07-20,Work Stress,Short,47,Text,Afternoon,78,1694,44,6,6,7,82.6,3,3.72,10.100000000000001,Low,5,4,80.0,0
C0551,2025-07-20,Family,Short,40,Visual,Evening,231,33119,950,97,269,463,71.8,230,5.37,360.9,Medium,3,3,100.0,0
C0552,2025-07-20,Friendship,Short,52,Text,Evening,39,2145,118,9,42,35,80.7,15,9.51,40.900000000000006,Low,7,2,28.57,0
C0553,2025-07-21,Family,Short,23,Text,Evening,146,17397,256,40,102,56,96.3,30,2.61,91.20000000000002,Low,7,5,71.43,0
C0554,2025-07-21,College Life,Short,37,Text,Night,123,12435,232,20,90,48,79.5,73,3.14,77.6,Low,7,2,28.57,0
C0555,2025-07-21,Confidence,Short,34,Visual,Afternoon,246,77031,2337,375,489,521,89.0,183,4.83,660.6,High,7,5,71.43,1
C0556,2025-07-22,Self Growth,Short,39,Visual,Evening,227,15225,485,48,96,184,86.9,22,5.34,151.7,Low,7,3,42.86,0
C0557,2025-07-22,Work Stress,Long,158,Text,Morning,236,53317,1968,192,419,301,72.1,95,5.4,493.1000000000001,Medium,4,4,100.0,0
C0558,2025-07-22,Confidence,Short,29,Visual,Afternoon,96,16106,296,22,59,152,81.9,97,3.28,103.20000000000002,Low,4,3,75.0,0
C0559,2025-07-23,Family,Short,58,Visual,Evening,165,88983,3061,151,1119,1879,85.5,200,6.98,1347.6,High,6,6,100.0,1
C0560,2025-07-23,Family,Long,176,Visual,Morning,191,20628,798,62,121,118,79.6,28,5.33,176.00000000000003,Low,7,4,57.14,0
C0561,2025-07-24,Self Growth,Long,140,Visual,Evening,252,30290,1417,50,282,387,58.5,167,7.05,380.6,Medium,3,0,0.0,0
C0562,2025-07-24,Social Anxiety,Short,45,Visual,Evening,31,30382,1345,53,510,377,82.5,151,7.52,462.20000000000005,Medium,6,4,66.67,0
C0563,2025-07-24,Friendship,Short,36,Visual,Evening,254,22606,800,92,415,305,78.2,57,7.13,355.9,Medium,6,2,33.33,0
C0564,2025-07-25,Dating,Short,16,Text,Evening,111,74728,1662,171,566,443,73.1,222,3.8,559.7,Medium,6,2,33.33,0
C0565,2025-07-25,Confidence,Short,16,Text,Evening,59,188190,9985,451,2200,3824,90.0,1157,8.75,3115.9,High,2,2,100.0,1
C0566,2025-07-25,Dating,Long,172,Visual,Afternoon,171,26300,942,103,193,230,64.7,114,5.58,261.0,Medium,5,3,60.0,0
C0567,2025-07-26,Dating,Short,19,Visual,Morning,209,38554,1220,192,506,486,66.1,225,6.24,508.6,Medium,7,6,85.71,0
C0568,2025-07-26,Dating,Short,19,Visual,Morning,59,19853,1105,118,287,419,88.0,36,9.72,374.6,Medium,3,3,100.0,0
C0569,2025-07-26,Work Stress,Short,22,Text,Evening,39,12425,341,43,94,167,62.8,49,5.19,130.4,Low,7,4,57.14,0
C0570,2025-07-27,Self Growth,Short,23,Visual,Night,236,151100,6769,929,2753,2512,60.7,985,8.58,2717.5,High,2,1,50.0,1
C0571,2025-07-27,Confidence,Long,143,Text,Morning,244,20530,1065,69,149,187,78.1,38,7.16,236.0,Medium,7,4,57.14,0
C0572,2025-07-28,Friendship,Short,44,Text,Evening,65,28294,1593,100,223,744,78.6,67,9.4,491.7,Medium,2,0,0.0,0
C0573,2025-07-28,College Life,Short,16,Text,Evening,237,18943,476,68,192,157,81.7,74,4.71,185.1,Low,6,5,83.33,0
C0574,2025-07-28,Social Anxiety,Long,176,Visual,Night,239,48194,610,56,153,217,67.6,158,2.15,198.5,Low,7,6,85.71,0
C0575,2025-07-29,Social Anxiety,Long,124,Text,Evening,259,57918,3028,362,532,1216,55.2,133,8.87,952.8,High,5,3,60.0,1
C0576,2025-07-29,College Life,Short,34,Text,Evening,79,40500,1627,225,382,636,65.1,317,7.09,551.3000000000001,Medium,3,2,66.67,0
C0577,2025-07-29,Confidence,Short,16,Text,Evening,163,72685,1667,128,816,544,74.3,306,4.34,681.9000000000001,High,3,2,66.67,1
C0578,2025-07-30,Self Growth,Short,19,Text,Night,258,26098,1472,97,390,296,64.3,122,8.64,411.4,Medium,7,5,71.43,0
C0579,2025-07-30,Confidence,Short,21,Text,Morning,237,19973,459,57,129,150,80.1,31,3.98,153.9,Low,2,1,50.0,0
C0580,2025-07-30,Social Anxiety,Short,34,Visual,Night,169,106629,3503,135,682,1530,75.4,647,5.49,1109.1,High,2,1,50.0,1
C0581,2025-07-31,Social Anxiety,Short,36,Text,Morning,75,74608,3020,326,1184,1398,78.9,321,7.95,1260.2,High,3,2,66.67,1
C0582,2025-07-31,Family,Long,87,Text,Night,49,23854,556,71,150,177,70.6,118,4.0,182.9,Low,5,3,60.0,0
C0583,2025-08-01,Social Anxiety,Long,143,Visual,Morning,89,42833,1615,160,375,676,75.9,138,6.6,546.3,Medium,6,4,66.67,0
C0584,2025-08-01,Social Anxiety,Long,99,Visual,Afternoon,45,6914,285,24,70,169,77.0,37,7.93,111.99999999999999,Low,2,0,0.0,0
C0585,2025-08-01,Friendship,Long,62,Text,Morning,74,104138,3890,485,908,1255,65.6,219,6.28,1225.7,High,6,3,50.0,1
C0586,2025-08-02,Confidence,Long,63,Visual,Evening,47,39294,2577,109,683,400,73.8,174,9.59,672.7,High,5,3,60.0,1
C0587,2025-08-02,Work Stress,Long,160,Visual,Afternoon,205,56288,2407,390,746,710,74.4,293,7.56,830.1000000000001,High,4,2,50.0,1
C0588,2025-08-02,Social Anxiety,Long,79,Text,Morning,165,68321,2432,122,766,783,44.7,264,6.01,808.9,High,7,3,42.86,1
C0589,2025-08-03,Family,Short,25,Text,Evening,149,53787,521,72,160,206,83.5,287,1.78,192.29999999999998,Low,5,4,80.0,0
C0590,2025-08-03,Family,Short,37,Text,Evening,216,35246,821,77,181,198,78.5,222,3.62,229.3,Medium,4,2,50.0,0
C0591,2025-08-03,Family,Short,15,Visual,Evening,124,17752,921,69,241,349,85.6,132,8.9,307.00000000000006,Medium,5,4,80.0,0
C0592,2025-08-04,Confidence,Short,59,Visual,Night,122,28641,484,48,191,167,67.1,74,3.11,184.5,Low,5,2,40.0,0
C0593,2025-08-04,Dating,Short,32,Text,Evening,77,107487,3632,211,856,1226,73.8,294,5.51,1115.6000000000001,High,5,2,40.0,1
C0594,2025-08-05,Confidence,Short,49,Text,Morning,132,2119,96,7,14,33,66.1,7,7.08,26.5,Low,3,2,66.67,0
C0595,2025-08-05,College Life,Short,59,Visual,Afternoon,70,46360,2442,335,866,880,87.4,350,9.76,921.6000000000001,High,4,3,75.0,1
C0596,2025-08-05,Family,Short,37,Visual,Night,165,54312,2023,206,416,601,65.9,226,5.98,590.2,High,7,4,57.14,1
C0597,2025-08-06,Self Growth,Short,54,Visual,Morning,259,77835,2851,125,736,805,70.7,231,5.8,846.0000000000001,High,5,4,80.0,1
C0598,2025-08-06,Family,Long,110,Text,Evening,152,66114,2093,269,345,733,74.3,235,5.2,621.0,High,3,1,33.33,1
C0599,2025-08-06,Work Stress,Long,62,Visual,Night,98,70175,2810,384,558,627,65.7,94,6.24,769.1,High,5,3,60.0,1
C0600,2025-08-07,Work Stress,Short,16,Text,Night,188,78144,2499,352,530,992,67.7,163,5.6,829.9,High,7,5,71.43,1
C0601,2025-08-07,Self Growth,Short,21,Visual,Evening,218,54114,2423,227,1017,956,89.1,135,8.54,981.3,High,3,3,100.0,1
C0602,2025-08-07,Family,Short,58,Text,Evening,138,13764,389,15,122,151,86.5,18,4.92,136.0,Low,5,0,0.0,0
C0603,2025-08-08,Work Stress,Long,93,Visual,Evening,87,22791,936,123,209,188,79.2,117,6.39,258.2,Medium,6,5,83.33,0
C0604,2025-08-08,Dating,Long,85,Text,Evening,194,19047,813,65,200,407,77.5,56,7.8,296.4,Medium,7,3,42.86,0
C0605,2025-08-09,Family,Short,35,Text,Morning,73,38283,1155,95,165,427,74.7,64,4.81,328.6,Medium,2,1,50.0,0
C0606,2025-08-09,Self Growth,Long,98,Visual,Morning,259,4743,210,27,54,56,70.0,15,7.32,64.80000000000001,Low,4,3,75.0,0
C0607,2025-08-09,College Life,Short,55,Visual,Evening,103,23751,1161,61,458,335,73.5,95,8.48,412.00000000000006,Medium,2,2,100.0,0
C0608,2025-08-10,Self Growth,Short,60,Text,Afternoon,110,66158,3786,401,909,855,78.7,206,9.0,1078.9,High,2,1,50.0,1
C0609,2025-08-10,Confidence,Long,93,Text,Evening,197,38257,1281,68,252,555,63.7,100,5.64,409.0,Medium,2,1,50.0,0
C0610,2025-08-10,Family,Short,48,Text,Afternoon,32,79957,3689,397,801,1107,72.7,79,7.5,1100.8,High,3,0,0.0,1
C0611,2025-08-11,Family,Short,30,Text,Night,76,19577,586,83,111,220,83.0,93,5.11,185.6,Low,2,1,50.0,0
C0612,2025-08-11,Friendship,Short,17,Text,Night,58,56710,1872,246,247,815,88.8,104,5.61,579.7,Medium,4,2,50.0,0
C0613,2025-08-11,Family,Short,57,Text,Evening,119,2802,157,20,26,48,81.0,6,8.96,44.5,Low,6,3,50.0,0
C0614,2025-08-12,Friendship,Long,140,Visual,Evening,157,31895,1730,191,239,594,89.9,74,8.63,485.0,Medium,5,2,40.0,0
C0615,2025-08-12,Work Stress,Long,155,Text,Afternoon,71,49381,1029,82,159,279,61.9,107,3.14,266.6,Medium,2,1,50.0,0
C0616,2025-08-13,Work Stress,Short,16,Visual,Evening,109,14951,570,84,227,270,61.6,36,7.7,245.60000000000002,Medium,3,0,0.0,0
C0617,2025-08-13,Dating,Short,36,Visual,Afternoon,207,30932,392,43,72,116,87.1,108,2.01,111.39999999999999,Low,3,1,33.33,0
C0618,2025-08-13,College Life,Long,173,Visual,Night,246,50159,1354,145,478,656,64.3,127,5.25,552.4,Medium,6,2,33.33,0
C0619,2025-08-14,Social Anxiety,Short,29,Visual,Night,33,46821,1991,186,1079,512,77.3,91,8.05,821.5000000000001,High,7,2,28.57,1
C0620,2025-08-14,Dating,Long,156,Visual,Night,174,11016,446,19,108,97,54.3,68,6.08,120.69999999999999,Low,5,3,60.0,0
C0621,2025-08-14,Friendship,Short,20,Text,Night,35,12797,572,50,128,138,68.0,38,6.94,159.8,Low,5,3,60.0,0
C0622,2025-08-15,Friendship,Short,57,Visual,Night,149,61144,689,71,226,353,65.0,120,2.19,279.4,Medium,3,2,66.67,0
C0623,2025-08-15,Dating,Long,161,Visual,Afternoon,232,25029,939,66,118,255,67.7,95,5.51,230.8,Medium,2,2,100.0,0
C0624,2025-08-15,Friendship,Short,58,Visual,Night,213,61506,2848,208,701,866,76.1,132,7.52,866.6000000000001,High,3,3,100.0,1
C0625,2025-08-16,Self Growth,Short,39,Text,Evening,83,14744,551,63,178,215,77.9,91,6.83,203.39999999999998,Low,2,2,100.0,0
C0626,2025-08-16,Dating,Short,40,Text,Evening,89,57386,3039,112,1128,1094,89.4,103,9.36,1105.7,High,4,2,50.0,1
C0627,2025-08-17,College Life,Short,51,Text,Evening,210,39556,1586,196,534,753,83.8,178,7.76,637.3,High,7,2,28.57,1
C0628,2025-08-17,College Life,Short,43,Visual,Afternoon,218,90023,3791,218,1176,1731,63.8,650,7.68,1412.4,High,3,1,33.33,1
C0629,2025-08-17,Self Growth,Short,35,Text,Afternoon,94,19110,369,21,110,167,83.1,36,3.49,135.2,Low,3,2,66.67,0
C0630,2025-08-18,College Life,Long,112,Text,Afternoon,30,16339,493,21,119,207,70.1,30,5.14,163.2,Low,7,1,14.29,0
C0631,2025-08-18,Work Stress,Long,98,Visual,Morning,132,1724,43,4,9,6,71.0,6,3.6,10.5,Low,2,1,50.0,0
C0632,2025-08-18,College Life,Short,17,Text,Evening,172,1559,21,3,9,7,76.8,12,2.57,8.4,Low,2,0,0.0,0
C0633,2025-08-19,Friendship,Short,23,Visual,Night,132,19711,391,22,137,204,82.0,76,3.83,159.5,Low,4,2,50.0,0
C0634,2025-08-19,Friendship,Long,112,Text,Evening,244,2758,180,8,52,55,62.1,12,10.7,56.9,Low,6,3,50.0,0
C0635,2025-08-20,Dating,Long,70,Text,Evening,217,20574,723,60,237,164,67.2,41,5.75,228.3,Medium,6,4,66.67,0
C0636,2025-08-20,Work Stress,Short,19,Visual,Evening,211,82737,3160,189,1007,1657,91.8,474,7.27,1253.6999999999998,High,7,1,14.29,1
C0637,2025-08-20,Dating,Short,19,Text,Evening,34,68176,1726,250,387,604,70.0,213,4.35,558.6,Medium,6,4,66.67,0
C0638,2025-08-21,College Life,Short,18,Visual,Afternoon,226,140334,1791,93,450,616,69.7,721,2.1,562.5,Medium,5,3,60.0,0
C0639,2025-08-21,Family,Short,51,Visual,Night,203,30307,1715,144,495,423,79.4,52,9.16,525.2,Medium,7,5,71.43,0
C0640,2025-08-21,Confidence,Short,29,Text,Afternoon,121,72170,799,61,112,315,65.7,267,1.78,231.4,Medium,4,2,50.0,0
C0641,2025-08-22,Work Stress,Short,30,Text,Evening,165,67724,1813,182,538,910,59.8,179,5.08,705.9000000000001,High,5,2,40.0,1
C0642,2025-08-22,Confidence,Long,153,Text,Evening,219,97446,3461,299,880,1102,65.6,436,5.89,1088.5,High,2,1,50.0,1
C0643,2025-08-22,Family,Long,111,Text,Evening,238,47361,1679,102,548,713,83.5,216,6.42,621.4,High,4,0,0.0,1
C0644,2025-08-23,Friendship,Long,136,Visual,Night,156,24383,596,42,222,294,71.6,139,4.73,245.0,Medium,7,4,57.14,0
C0645,2025-08-23,Family,Short,51,Text,Afternoon,39,31864,441,20,126,120,78.8,184,2.22,134.5,Low,7,4,57.14,0
C0646,2025-08-24,College Life,Short,47,Text,Night,172,32996,957,45,227,426,55.7,135,5.02,323.3,Medium,4,3,75.0,0
C0647,2025-08-24,Friendship,Long,127,Text,Evening,186,25663,653,104,113,160,73.4,119,4.01,179.3,Low,2,2,100.0,0
C0648,2025-08-24,Self Growth,Long,64,Text,Night,43,16869,452,31,115,132,69.9,17,4.33,137.0,Low,3,1,33.33,0
C0649,2025-08-25,Confidence,Short,40,Text,Evening,217,59282,2978,206,559,656,70.4,405,7.42,759.4,High,4,3,75.0,1
C0650,2025-08-25,Family,Long,147,Text,Night,76,9687,217,11,44,52,70.8,34,3.34,57.10000000000001,Low,3,2,66.67,0
C0651,2025-08-25,Friendship,Short,24,Visual,Night,234,53337,1896,263,933,876,81.7,220,7.44,878.2,High,6,4,66.67,1
C0652,2025-08-26,Work Stress,Long,126,Visual,Evening,156,27641,898,150,281,207,61.4,98,5.56,294.3,Medium,5,2,40.0,0
C0653,2025-08-26,Dating,Short,57,Visual,Night,104,48141,1951,293,843,953,83.3,328,8.39,876.8000000000001,High,3,3,100.0,1
C0654,2025-08-26,Family,Short,33,Text,Evening,43,7312,251,27,79,104,89.0,44,6.3,93.30000000000001,Low,5,1,20.0,0
C0655,2025-08-27,Self Growth,Short,19,Text,Evening,34,37353,1980,222,646,733,74.7,239,9.59,720.7,High,2,1,50.0,1
C0656,2025-08-27,Self Growth,Short,54,Visual,Night,200,14443,441,41,138,108,71.3,67,5.04,139.9,Low,2,0,0.0,0
C0657,2025-08-28,Family,Short,55,Text,Afternoon,116,109067,5385,612,994,791,75.2,302,7.14,1295.8,High,3,2,66.67,1
C0658,2025-08-28,Work Stress,Short,38,Text,Evening,223,106015,2265,251,375,611,85.5,735,3.3,610.0,High,5,1,20.0,1
C0659,2025-08-28,Social Anxiety,Short,41,Visual,Morning,83,40398,334,15,129,209,67.7,216,1.7,150.7,Low,5,4,80.0,0
C0660,2025-08-29,College Life,Long,135,Visual,Afternoon,241,118775,4095,452,925,2087,77.8,458,6.36,1496.0,High,4,3,75.0,1
C0661,2025-08-29,Dating,Short,18,Text,Night,246,22052,842,62,264,283,70.2,111,6.58,287.1,Medium,3,2,66.67,0
C0662,2025-08-29,Work Stress,Short,58,Visual,Afternoon,53,11932,429,23,159,208,82.4,55,6.86,173.5,Low,5,2,40.0,0
C0663,2025-08-30,Social Anxiety,Long,111,Text,Afternoon,178,8969,289,36,33,87,63.4,40,4.96,75.4,Low,3,1,33.33,0
C0664,2025-08-30,Dating,Short,27,Text,Afternoon,246,14290,656,29,212,396,71.3,61,9.05,275.00000000000006,Medium,3,2,66.67,0
C0665,2025-08-30,Self Growth,Short,46,Text,Evening,104,3792,140,14,23,26,92.2,25,5.35,33.8,Low,4,3,75.0,0
C0666,2025-08-31,Work Stress,Long,110,Visual,Night,45,72928,3184,452,555,977,57.9,395,7.09,923.8999999999999,High,2,2,100.0,1
C0667,2025-08-31,Self Growth,Long,128,Text,Night,231,38006,1918,152,202,521,73.9,116,7.35,459.3,Medium,2,1,50.0,0
C0668,2025-09-01,Family,Short,26,Visual,Morning,139,38269,2549,173,352,549,97.3,72,9.47,595.0,High,4,2,50.0,1
C0669,2025-09-01,Confidence,Long,95,Visual,Evening,36,17191,594,59,211,105,78.9,76,5.64,187.10000000000002,Low,5,2,40.0,0
C0670,2025-09-01,Dating,Short,31,Visual,Evening,223,51338,1837,189,760,381,66.7,328,6.17,639.8000000000001,High,3,1,33.33,1
C0671,2025-09-02,Confidence,Short,23,Visual,Evening,186,116175,2758,140,818,864,67.2,584,3.94,890.2,High,2,1,50.0,1
C0672,2025-09-02,Self Growth,Long,113,Visual,Evening,46,186656,10183,678,3018,4345,64.5,1197,9.76,3664.6,High,3,3,100.0,1
C0673,2025-09-02,Work Stress,Short,30,Text,Afternoon,89,28459,1046,125,336,427,78.6,41,6.8,392.1,Medium,7,5,71.43,0
C0674,2025-09-03,Social Anxiety,Long,143,Visual,Evening,34,15134,629,91,264,175,74.3,49,7.66,239.20000000000002,Medium,3,1,33.33,0
C0675,2025-09-03,Self Growth,Short,40,Text,Evening,249,24709,1693,130,533,949,64.3,167,13.38,693.2,High,6,1,16.67,1
C0676,2025-09-03,Work Stress,Long,65,Visual,Evening,35,2617,112,8,15,31,63.3,16,6.34,28.1,Low,2,1,50.0,0
C0677,2025-09-04,Self Growth,Short,52,Visual,Evening,213,33698,705,105,273,446,71.9,151,4.54,334.5,Medium,2,2,100.0,0
C0678,2025-09-04,Social Anxiety,Short,28,Text,Night,147,12982,463,25,193,110,75.2,33,6.09,161.5,Low,7,2,28.57,0
C0679,2025-09-05,Self Growth,Short,56,Text,Evening,164,59347,1731,68,328,756,96.8,234,4.86,544.7,Medium,2,1,50.0,0
C0680,2025-09-05,Confidence,Short,38,Text,Afternoon,216,12000,363,39,85,165,67.7,40,5.43,127.6,Low,4,2,50.0,0
C0681,2025-09-05,Work Stress,Long,103,Text,Night,235,4449,151,5,25,51,59.2,14,5.21,41.4,Low,7,6,85.71,0
C0682,2025-09-06,Dating,Short,30,Visual,Night,59,98746,2854,169,840,1633,68.7,333,5.57,1145.1,High,5,3,60.0,1
C0683,2025-09-06,Confidence,Short,49,Visual,Morning,34,13469,316,28,79,75,86.4,37,3.7,91.30000000000001,Low,7,4,57.14,0
C0684,2025-09-06,Confidence,Short,52,Text,Evening,58,41626,2583,259,572,1044,76.6,220,10.71,852.0999999999999,High,2,1,50.0,1
C0685,2025-09-07,Dating,Short,32,Text,Afternoon,186,44264,1476,169,647,660,68.0,208,6.67,638.2,High,5,2,40.0,1
C0686,2025-09-07,Family,Long,139,Visual,Evening,160,8059,307,22,84,82,68.4,37,6.14,93.30000000000001,Low,5,3,60.0,0
C0687,2025-09-07,Friendship,Short,23,Visual,Afternoon,49,6348,261,29,44,156,72.1,22,7.72,96.30000000000001,Low,4,3,75.0,0
C0688,2025-09-08,Self Growth,Long,133,Text,Evening,83,11362,553,52,146,119,72.0,31,7.66,159.8,Low,4,3,75.0,0
C0689,2025-09-08,Friendship,Short,47,Text,Afternoon,153,30569,1320,156,369,359,98.0,90,7.21,418.5,Medium,2,0,0.0,0
C0690,2025-09-09,Family,Short,38,Visual,Evening,197,41505,1873,236,562,1036,85.5,315,8.93,770.1000000000001,High,7,3,42.86,1
C0691,2025-09-09,Confidence,Short,35,Visual,Night,108,2230,97,9,24,25,79.1,8,6.95,28.6,Low,2,1,50.0,0
C0692,2025-09-09,Family,Short,45,Text,Afternoon,248,7138,386,44,91,60,70.4,27,8.14,101.80000000000001,Low,5,3,60.0,0
C0693,2025-09-10,Confidence,Long,105,Visual,Night,258,36087,1938,217,359,418,58.6,136,8.12,506.2,Medium,2,2,100.0,0
C0694,2025-09-10,Confidence,Long,148,Visual,Night,206,18004,744,36,111,274,79.3,101,6.47,208.20000000000002,Medium,6,4,66.67,0
C0695,2025-09-10,Social Anxiety,Long,137,Visual,Night,134,20219,791,99,157,345,78.8,70,6.88,265.20000000000005,Medium,6,3,50.0,0
C0696,2025-09-11,College Life,Short,42,Text,Morning,231,29389,1635,222,302,317,72.3,99,8.42,423.8,Medium,4,3,75.0,0
C0697,2025-09-11,Work Stress,Short,55,Visual,Night,197,12345,450,28,125,159,92.1,80,6.17,148.29999999999998,Low,3,1,33.33,0
C0698,2025-09-11,Self Growth,Short,50,Visual,Morning,149,18530,918,30,135,275,80.2,37,7.33,234.3,Medium,3,3,100.0,0
C0699,2025-09-12,Social Anxiety,Short,30,Visual,Afternoon,132,110560,4081,485,1594,2188,87.7,595,7.55,1799.1,High,6,5,83.33,1
C0700,2025-09-12,Social Anxiety,Long,94,Text,Night,221,8606,235,21,60,97,72.0,28,4.8,80.8,Low,2,2,100.0,0
C0701,2025-09-13,Self Growth,Short,55,Visual,Evening,158,9573,244,31,109,161,78.2,81,5.69,122.50000000000001,Low,5,4,80.0,0
C0702,2025-09-13,Self Growth,Short,16,Visual,Evening,72,6240,182,19,64,73,70.5,41,5.42,69.5,Low,2,2,100.0,0
C0703,2025-09-13,Dating,Long,121,Visual,Afternoon,259,12351,380,17,126,96,70.5,13,5.01,120.60000000000001,Low,3,2,66.67,0
C0704,2025-09-14,Dating,Long,94,Text,Night,45,92076,1609,114,566,594,77.4,497,3.13,588.3000000000001,High,4,3,75.0,1
C0705,2025-09-14,Dating,Short,56,Text,Evening,189,14058,443,55,89,156,71.9,87,5.29,137.70000000000002,Low,6,3,50.0,0
C0706,2025-09-14,Self Growth,Short,16,Text,Evening,180,42795,1485,71,573,634,81.4,207,6.46,582.0999999999999,High,6,0,0.0,1
C0707,2025-09-15,Social Anxiety,Short,16,Visual,Night,164,50045,2456,312,642,664,69.2,163,8.14,764.0,High,4,2,50.0,1
C0708,2025-09-15,Self Growth,Short,30,Text,Afternoon,41,10398,506,31,138,92,84.8,19,7.38,139.6,Low,7,5,71.43,0
C0709,2025-09-15,Friendship,Short,24,Visual,Morning,143,14682,147,12,42,72,83.1,69,1.86,55.5,Low,2,1,50.0,0
C0710,2025-09-16,Friendship,Short,37,Text,Evening,235,17286,778,74,180,169,65.0,71,6.95,215.3,Medium,5,3,60.0,0
C0711,2025-09-16,Work Stress,Long,92,Visual,Night,85,25135,891,49,132,251,69.8,136,5.26,227.0,Medium,2,0,0.0,0
C0712,2025-09-17,Self Growth,Long,87,Text,Afternoon,189,40910,2184,190,312,560,78.3,81,7.93,549.2,Medium,6,3,50.0,0
C0713,2025-09-17,Work Stress,Short,40,Text,Afternoon,227,55537,2187,234,584,311,64.4,232,5.97,592.4000000000001,High,7,3,42.86,1
C0714,2025-09-17,Family,Short,40,Visual,Morning,249,42785,1264,69,436,329,69.3,99,4.9,413.30000000000007,Medium,5,3,60.0,0
C0715,2025-09-18,Confidence,Short,58,Text,Night,148,23275,718,65,118,245,76.3,109,4.92,205.5,Low,7,2,28.57,0
C0716,2025-09-18,Family,Short,37,Visual,Afternoon,102,13086,600,57,95,157,98.0,17,6.95,156.5,Low,3,2,66.67,0
C0717,2025-09-18,Self Growth,Short,40,Visual,Evening,190,53562,3197,335,846,1023,73.3,227,10.08,1032.0,High,5,3,60.0,1
C0718,2025-09-19,Friendship,Short,46,Visual,Night,141,8439,357,30,99,141,85.0,20,7.43,123.60000000000001,Low,7,1,14.29,0
C0719,2025-09-19,Dating,Short,23,Text,Morning,174,7238,406,44,59,84,79.6,31,8.19,98.19999999999999,Low,5,4,80.0,0
C0720,2025-09-19,Self Growth,Short,45,Visual,Evening,200,8543,371,20,111,92,74.1,31,6.95,113.1,Low,5,4,80.0,0
C0721,2025-09-20,Dating,Short,54,Text,Evening,193,117015,5367,265,2214,1089,78.6,787,7.64,1802.0,High,5,4,80.0,1
C0722,2025-09-20,Confidence,Short,29,Text,Night,85,13281,239,22,50,57,72.5,23,2.77,65.39999999999999,Low,5,4,80.0,0
C0723,2025-09-21,Family,Long,158,Text,Afternoon,203,2166,131,12,23,22,65.4,6,8.68,31.300000000000004,Low,2,2,100.0,0
C0724,2025-09-21,Social Anxiety,Short,30,Text,Evening,154,128304,3726,516,1294,2535,60.4,742,6.29,1753.9,High,5,3,60.0,1
C0725,2025-09-21,Family,Short,27,Visual,Morning,244,42558,2105,111,433,325,79.8,48,6.99,503.40000000000003,Medium,6,5,83.33,0
C0726,2025-09-22,Social Anxiety,Long,142,Text,Evening,181,42297,946,101,317,391,78.0,59,4.15,358.90000000000003,Medium,5,1,20.0,0
C0727,2025-09-22,Work Stress,Short,54,Visual,Night,235,79724,2247,200,388,720,80.6,252,4.46,635.9000000000001,High,3,1,33.33,1
C0728,2025-09-22,Social Anxiety,Short,42,Text,Morning,255,44010,2494,166,523,1091,87.9,203,9.71,819.1,High,2,0,0.0,1
C0729,2025-09-23,Friendship,Long,87,Visual,Afternoon,258,111864,3245,269,915,953,77.8,644,4.81,1030.1999999999998,High,2,2,100.0,1
C0730,2025-09-23,Work Stress,Short,29,Text,Night,201,62264,2916,343,1050,529,76.4,100,7.77,938.9000000000001,High,2,1,50.0,1
C0731,2025-09-23,Work Stress,Short,46,Text,Morning,167,49549,2080,116,492,607,70.7,212,6.65,610.0999999999999,High,6,3,50.0,1
C0732,2025-09-24,Friendship,Short,30,Text,Afternoon,57,24479,868,61,123,204,72.1,117,5.13,209.40000000000003,Medium,6,1,16.67,0
C0733,2025-09-24,Confidence,Short,41,Visual,Evening,118,60847,2138,135,386,1167,65.3,367,6.29,745.3,High,4,3,75.0,1
C0734,2025-09-25,Family,Short,46,Text,Afternoon,139,28131,706,82,90,118,74.3,97,3.54,158.40000000000003,Low,6,4,66.67,0
C0735,2025-09-25,Dating,Short,30,Visual,Afternoon,209,14612,652,34,217,250,81.5,109,7.89,233.8,Medium,4,1,25.0,0
C0736,2025-09-25,Work Stress,Short,44,Visual,Evening,165,39254,1124,47,369,427,97.2,187,5.01,397.5,Medium,5,2,40.0,0
C0737,2025-09-26,Work Stress,Short,33,Visual,Afternoon,131,14236,442,18,117,176,85.3,83,5.29,147.39999999999998,Low,5,2,40.0,0
C0738,2025-09-26,College Life,Short,21,Text,Evening,63,84237,4667,171,1770,1109,68.4,264,9.16,1541.6000000000001,High,5,2,40.0,1
C0739,2025-09-26,Work Stress,Short,32,Text,Evening,194,175139,7490,410,1270,2956,62.6,1067,6.92,2225.8,High,5,5,100.0,1
C0740,2025-09-27,Confidence,Short,35,Text,Evening,129,39507,814,79,218,342,74.9,292,3.68,287.0,Medium,4,1,25.0,0
C0741,2025-09-27,Family,Long,77,Visual,Morning,38,36012,1755,66,227,425,80.1,169,6.87,407.0,Medium,2,1,50.0,0
C0742,2025-09-27,Family,Short,56,Visual,Night,95,49045,1964,125,399,545,77.8,149,6.18,544.5,Medium,5,2,40.0,0
C0743,2025-09-28,Work Stress,Short,39,Text,Morning,232,66525,1777,88,603,380,82.4,329,4.28,550.5000000000001,Medium,4,3,75.0,0
C0744,2025-09-28,College Life,Short,16,Visual,Evening,57,28145,1295,106,594,465,78.2,63,8.74,527.8,Medium,3,0,0.0,0
C0745,2025-09-29,Family,Short,54,Visual,Afternoon,123,49010,1537,72,262,703,87.2,234,5.25,483.80000000000007,Medium,2,1,50.0,0
C0746,2025-09-29,College Life,Short,54,Text,Night,147,17177,370,41,83,131,61.0,57,3.64,117.7,Low,5,3,60.0,0
C0747,2025-09-29,Self Growth,Short,15,Visual,Afternoon,49,12589,653,85,214,316,96.0,63,10.07,262.7,Medium,6,5,83.33,0
C0748,2025-09-30,College Life,Short,22,Text,Afternoon,68,64049,2149,279,348,976,65.9,220,5.86,702.7,High,4,2,50.0,1
C0749,2025-09-30,College Life,Long,130,Text,Evening,246,40406,1697,90,379,567,76.9,47,6.76,509.4,Medium,2,1,50.0,0
C0750,2025-09-30,Dating,Long,180,Text,Morning,165,39126,1334,168,268,390,66.3,75,5.52,391.20000000000005,Medium,4,3,75.0,0
C0751,2025-10-01,Confidence,Short,48,Text,Afternoon,78,5093,216,29,47,88,75.8,6,7.46,72.6,Low,6,3,50.0,0
C0752,2025-10-01,Dating,Short,34,Text,Evening,69,44295,1587,59,338,569,74.6,192,5.76,476.4,Medium,3,2,66.67,0
C0753,2025-10-02,Social Anxiety,Short,43,Text,Night,127,187591,4197,296,761,948,79.6,1299,3.31,1067.7,High,5,3,60.0,1
C0754,2025-10-02,Confidence,Short,15,Visual,Morning,196,30811,1073,108,302,385,84.6,157,6.06,365.20000000000005,Medium,5,1,20.0,0
C0755,2025-10-02,Self Growth,Short,45,Visual,Night,197,17399,1093,66,241,525,90.6,112,11.06,376.40000000000003,Medium,7,2,28.57,0
C0756,2025-10-03,Friendship,Long,175,Visual,Night,74,60305,3577,226,748,893,86.1,332,9.03,970.0,High,6,4,66.67,1
C0757,2025-10-03,Work Stress,Long,78,Text,Night,196,12805,468,46,71,168,72.3,33,5.88,134.8,Low,4,2,50.0,0
C0758,2025-10-03,Friendship,Long,63,Text,Evening,236,23574,1576,54,357,600,86.1,88,10.97,491.20000000000005,Medium,6,3,50.0,0
C0759,2025-10-04,Dating,Short,28,Visual,Evening,82,52162,2980,348,524,1097,80.9,287,9.49,906.3000000000001,High,5,1,20.0,1
C0760,2025-10-04,Work Stress,Long,111,Text,Evening,36,4726,152,9,21,57,79.8,7,5.06,42.5,Low,6,4,66.67,0
C0761,2025-10-04,Dating,Short,16,Visual,Evening,250,33371,1404,46,498,618,84.3,207,7.69,534.2,Medium,4,3,75.0,0
C0762,2025-10-05,Self Growth,Short,28,Text,Night,150,25572,1227,39,329,267,71.5,136,7.28,342.2,Medium,5,4,80.0,0
C0763,2025-10-05,Confidence,Short,21,Text,Morning,208,67448,2113,148,305,285,78.8,264,4.23,448.4,Medium,2,1,50.0,0
C0764,2025-10-06,Confidence,Long,170,Text,Afternoon,103,57210,2580,287,342,504,74.0,227,6.49,603.4,High,2,0,0.0,1
C0765,2025-10-06,College Life,Short,37,Visual,Morning,98,71596,2884,374,1111,1336,79.7,136,7.97,1208.4,High,3,0,0.0,1
C0766,2025-10-06,Family,Long,146,Visual,Night,81,32703,539,75,75,131,76.1,155,2.51,138.2,Low,7,5,71.43,0
C0767,2025-10-07,Self Growth,Short,45,Text,Evening,79,20552,786,68,142,346,85.7,53,6.53,252.8,Medium,3,3,100.0,0
C0768,2025-10-07,Friendship,Long,116,Text,Evening,138,24535,937,71,181,299,68.8,140,6.06,270.0,Medium,3,2,66.67,0
C0769,2025-10-07,Dating,Short,38,Text,Night,54,52405,3135,207,582,1164,47.6,147,9.71,936.9,High,3,3,100.0,1
C0770,2025-10-08,Friendship,Short,24,Visual,Night,223,97893,1734,60,486,447,96.8,451,2.79,513.9,Medium,5,3,60.0,0
C0771,2025-10-08,Work Stress,Long,88,Visual,Morning,147,11134,410,49,82,91,69.0,33,5.68,110.9,Low,7,5,71.43,0
C0772,2025-10-08,Confidence,Short,46,Visual,Night,240,74966,2907,216,677,601,71.8,223,5.87,785.0,High,4,2,50.0,1
C0773,2025-10-09,Social Anxiety,Short,59,Text,Night,145,45421,1981,194,724,653,65.8,169,7.82,722.4,High,4,2,50.0,1
C0774,2025-10-09,Work Stress,Short,40,Visual,Morning,99,9119,412,31,74,62,76.6,18,6.35,95.60000000000001,Low,6,1,16.67,0
C0775,2025-10-10,Family,Short,58,Visual,Evening,148,5599,278,41,120,80,74.4,28,9.27,108.0,Low,3,3,100.0,0
C0776,2025-10-10,Confidence,Short,58,Visual,Afternoon,65,14445,692,40,95,157,72.6,92,6.81,162.3,Low,6,4,66.67,0
C0777,2025-10-10,Friendship,Short,39,Text,Evening,219,131467,3612,489,1006,1755,70.2,440,5.22,1387.9,High,5,3,60.0,1
C0778,2025-10-11,Social Anxiety,Short,35,Text,Evening,195,56224,2402,261,855,915,82.3,290,7.88,908.9000000000001,High,4,2,50.0,1
C0779,2025-10-11,College Life,Long,111,Text,Afternoon,63,68156,2210,294,385,469,89.3,333,4.93,574.5,Medium,5,3,60.0,0
C0780,2025-10-11,Family,Short,27,Visual,Morning,163,21248,860,38,140,421,88.2,71,6.87,275.9,Medium,4,2,50.0,0
C0781,2025-10-12,Confidence,Short,55,Visual,Morning,153,37379,863,43,161,258,91.2,209,3.54,236.70000000000002,Medium,3,3,100.0,0
C0782,2025-10-12,Work Stress,Short,21,Visual,Morning,76,22145,684,53,170,270,76.2,76,5.31,228.0,Medium,2,1,50.0,0
C0783,2025-10-12,Social Anxiety,Short,33,Visual,Evening,58,85730,3263,481,863,2018,81.0,450,7.73,1373.1,High,2,1,50.0,1
C0784,2025-10-13,Social Anxiety,Short,47,Text,Afternoon,204,39344,2299,295,663,376,81.3,84,9.23,666.9,High,3,1,33.33,1
C0785,2025-10-13,Friendship,Long,118,Text,Afternoon,90,12897,119,13,32,49,62.4,18,1.65,42.0,Low,3,2,66.67,0
C0786,2025-10-14,Self Growth,Long,122,Text,Evening,149,46820,2207,152,659,1060,64.7,198,8.71,832.7,High,5,2,40.0,1
C0787,2025-10-14,Social Anxiety,Short,44,Visual,Evening,86,69492,2166,141,683,1359,88.5,585,6.26,925.7,High,3,1,33.33,1
C0788,2025-10-14,Work Stress,Short,16,Visual,Evening,180,22493,346,34,124,133,90.9,51,2.83,130.9,Low,7,6,85.71,0
C0789,2025-10-15,Self Growth,Short,26,Text,Night,41,110239,1295,67,211,366,77.7,711,1.76,337.1,Medium,6,2,33.33,0
C0790,2025-10-15,Social Anxiety,Short,49,Visual,Afternoon,112,51790,1037,94,398,378,68.0,196,3.68,395.1,Medium,3,2,66.67,0
C0791,2025-10-15,Social Anxiety,Short,54,Visual,Night,155,25361,1098,121,371,527,77.0,118,8.35,440.5,Medium,5,1,20.0,0
C0792,2025-10-16,Friendship,Short,57,Visual,Morning,130,34543,1352,100,186,430,65.6,216,5.99,358.6,Medium,2,1,50.0,0
C0793,2025-10-16,Work Stress,Short,54,Visual,Evening,170,3300,172,11,57,40,80.8,24,8.48,54.2,Low,5,4,80.0,0
C0794,2025-10-16,Family,Short,18,Text,Night,71,10400,395,13,75,56,79.6,40,5.18,88.9,Low,7,6,85.71,0
C0795,2025-10-17,Friendship,Short,48,Text,Night,131,100983,2362,155,601,525,74.3,285,3.61,665.1,High,2,2,100.0,1
C0796,2025-10-17,College Life,Short,20,Visual,Evening,203,60699,1717,223,613,663,82.4,172,5.3,660.4000000000001,High,4,3,75.0,1
C0797,2025-10-18,Confidence,Short,18,Text,Evening,106,80431,2641,232,912,959,81.2,234,5.9,963.0,High,2,1,50.0,1
C0798,2025-10-18,Friendship,Short,46,Visual,Afternoon,66,65357,2819,142,846,1299,82.6,386,7.81,1038.4,High,7,4,57.14,1
C0799,2025-10-18,College Life,Long,126,Visual,Evening,224,156069,4546,209,1644,1182,60.0,514,4.86,1508.6,High,7,4,57.14,1
C0800,2025-10-19,Friendship,Short,44,Visual,Evening,209,156181,6733,357,1920,2663,77.5,1020,7.47,2311.6000000000004,High,6,2,33.33,1
C0801,2025-10-19,Social Anxiety,Short,54,Text,Night,186,21904,781,71,215,184,81.1,57,5.71,233.5,Medium,7,2,28.57,0
C0802,2025-10-19,College Life,Short,18,Text,Evening,213,53904,1775,150,507,603,92.8,248,5.63,591.2,High,5,2,40.0,1
C0803,2025-10-20,Self Growth,Long,149,Text,Morning,209,39934,1130,115,258,330,66.3,90,4.59,338.2,Medium,5,2,40.0,0
C0804,2025-10-20,Confidence,Short,53,Visual,Evening,201,29166,1327,135,449,622,85.5,142,8.68,525.9000000000001,Medium,7,2,28.57,0
C0805,2025-10-20,Work Stress,Long,152,Visual,Morning,147,47118,1522,90,292,630,80.8,158,5.38,476.0,Medium,6,2,33.33,0
C0806,2025-10-21,Family,Long,145,Text,Afternoon,34,19596,554,52,123,198,67.0,93,4.73,174.4,Low,3,1,33.33,0
C0807,2025-10-21,Self Growth,Short,37,Visual,Afternoon,167,92632,5350,195,958,2101,91.5,602,9.29,1587.5,High,3,2,66.67,1
C0808,2025-10-22,Social Anxiety,Short,56,Visual,Evening,92,111324,7591,983,1865,4463,92.0,818,13.39,3040.5999999999995,High,3,2,66.67,1
C0809,2025-10-22,Friendship,Short,17,Text,Afternoon,207,3145,105,5,31,34,90.8,5,5.56,34.1,Low,3,3,100.0,0
C0810,2025-10-22,Confidence,Long,105,Text,Morning,137,66395,3546,290,478,879,73.6,295,7.82,867.5,High,6,2,33.33,1
C0811,2025-10-23,Social Anxiety,Short,52,Visual,Morning,238,59068,2510,108,473,951,98.0,414,6.84,747.1,High,6,4,66.67,1
C0812,2025-10-23,Confidence,Long,141,Visual,Night,166,7117,210,26,28,84,65.8,40,4.89,62.6,Low,4,3,75.0,0
C0813,2025-10-23,Work Stress,Short,33,Text,Evening,156,76485,2847,158,911,690,98.0,314,6.02,887.7,High,3,1,33.33,1
C0814,2025-10-24,College Life,Short,38,Visual,Morning,241,78526,1865,236,648,430,87.7,174,4.05,621.9,High,7,4,57.14,1
C0815,2025-10-24,Family,Short,31,Visual,Morning,139,36761,1348,53,280,210,93.4,181,5.14,320.4,Medium,5,2,40.0,0
C0816,2025-10-24,Family,Short,26,Visual,Evening,116,16297,578,61,94,208,76.8,63,5.77,170.0,Low,4,3,75.0,0
C0817,2025-10-25,Social Anxiety,Short,55,Visual,Afternoon,115,20090,532,71,253,309,88.4,74,5.8,261.3,Medium,5,3,60.0,0
C0818,2025-10-25,Social Anxiety,Short,38,Text,Evening,231,65821,2136,119,464,401,91.3,283,4.74,543.3000000000001,Medium,3,1,33.33,0
C0819,2025-10-26,Work Stress,Long,144,Text,Evening,203,29538,819,59,321,296,58.1,111,5.06,310.9,Medium,5,3,60.0,0
C0820,2025-10-26,Confidence,Long,159,Text,Night,67,7425,307,24,70,77,67.4,18,6.44,86.6,Low,7,2,28.57,0
C0821,2025-10-26,Social Anxiety,Short,51,Visual,Afternoon,143,60903,2619,280,491,1128,58.6,367,7.42,852.7,High,6,4,66.67,1
C0822,2025-10-27,Work Stress,Short,45,Visual,Evening,115,17627,286,33,76,55,78.2,101,2.55,82.10000000000001,Low,5,4,80.0,0
C0823,2025-10-27,Dating,Short,60,Text,Morning,178,21674,542,34,123,107,68.8,83,3.72,142.3,Low,6,3,50.0,0
C0824,2025-10-27,Work Stress,Long,117,Visual,Night,42,8548,164,12,45,54,69.8,11,3.22,53.0,Low,7,4,57.14,0
C0825,2025-10-28,Self Growth,Short,39,Text,Night,194,4884,222,12,31,73,98.0,32,6.92,58.9,Low,6,3,50.0,0
C0826,2025-10-28,Social Anxiety,Long,164,Text,Evening,200,9929,528,21,152,202,86.2,36,9.09,178.4,Low,3,3,100.0,0
C0827,2025-10-28,Work Stress,Short,39,Visual,Evening,82,188143,8303,824,2865,3340,65.6,832,8.15,3143.1000000000004,High,2,1,50.0,1
C0828,2025-10-29,Confidence,Short,17,Text,Afternoon,64,73578,1674,153,615,889,82.6,246,4.53,710.7,High,7,6,85.71,1
C0829,2025-10-29,Family,Short,36,Text,Night,174,61571,2561,153,805,639,85.0,186,6.75,800.4000000000001,High,5,3,60.0,1
C0830,2025-10-30,Social Anxiety,Short,28,Visual,Evening,89,65615,1819,274,562,900,76.6,470,5.42,731.5,High,3,0,0.0,1
C0831,2025-10-30,Dating,Long,82,Text,Afternoon,246,4488,87,12,22,43,70.8,4,3.65,32.800000000000004,Low,4,0,0.0,0
C0832,2025-10-30,Dating,Short,25,Visual,Evening,208,73083,3644,414,1548,945,82.8,611,8.96,1349.9,High,2,2,100.0,1
C0833,2025-10-31,Friendship,Short,35,Text,Evening,249,21016,1147,40,252,493,63.5,41,9.19,371.40000000000003,Medium,5,4,80.0,0
C0834,2025-10-31,Dating,Long,123,Text,Night,152,46025,1860,310,304,352,58.7,286,6.14,475.2,Medium,4,2,50.0,0
C0835,2025-10-31,Family,Long,171,Visual,Evening,245,9971,344,29,57,94,73.7,44,5.26,91.19999999999999,Low,2,0,0.0,0
C0836,2025-11-01,Family,Long,126,Text,Evening,33,12908,749,61,108,124,70.0,16,8.07,167.5,Low,2,1,50.0,0
C0837,2025-11-01,Family,Short,47,Visual,Evening,96,77721,2779,92,955,1040,72.9,391,6.26,990.3,High,7,5,71.43,1
C0838,2025-11-01,Dating,Short,17,Text,Afternoon,30,103193,4295,636,1142,2046,69.1,313,7.87,1627.3,High,3,2,66.67,1
C0839,2025-11-02,Social Anxiety,Long,153,Text,Afternoon,185,5928,181,17,47,28,68.1,33,4.61,48.7,Low,3,2,66.67,0
C0840,2025-11-02,Confidence,Short,54,Text,Morning,147,25962,775,114,274,169,85.9,120,5.13,260.6,Medium,6,3,50.0,0
C0841,2025-11-03,College Life,Short,28,Text,Night,96,42463,395,47,96,133,76.2,186,1.58,127.20000000000002,Low,4,3,75.0,0
C0842,2025-11-03,Work Stress,Long,87,Visual,Evening,100,39557,1256,166,409,331,88.2,139,5.47,421.70000000000005,Medium,6,4,66.67,0
C0843,2025-11-03,Confidence,Short,37,Text,Evening,178,24743,905,107,144,306,70.0,182,5.91,261.3,Medium,3,2,66.67,0
C0844,2025-11-04,Social Anxiety,Short,30,Visual,Afternoon,71,18388,527,82,112,344,81.9,108,5.79,217.10000000000002,Medium,7,4,57.14,0
C0845,2025-11-04,Social Anxiety,Long,81,Text,Afternoon,148,39476,2074,143,347,407,65.5,139,7.53,496.9,Medium,7,3,42.86,0
C0846,2025-11-04,Social Anxiety,Short,45,Visual,Evening,171,47535,1328,65,328,490,85.9,233,4.65,424.00000000000006,Medium,4,3,75.0,0
C0847,2025-11-05,Dating,Short,20,Text,Afternoon,85,104133,3667,366,728,1022,69.2,312,5.55,1037.7,High,2,2,100.0,1
C0848,2025-11-05,Social Anxiety,Short,33,Visual,Morning,82,71242,1801,172,520,552,98.0,414,4.27,588.1,High,5,1,20.0,1
C0849,2025-11-05,Family,Short,30,Text,Evening,111,28275,1058,88,170,231,60.1,130,5.47,260.70000000000005,Medium,3,1,33.33,0
C0850,2025-11-06,Self Growth,Short,22,Visual,Afternoon,166,50231,2297,288,390,1062,97.2,311,8.04,761.9,High,6,3,50.0,1
C0851,2025-11-06,Confidence,Long,98,Text,Afternoon,88,22964,1259,123,274,351,69.9,72,8.74,365.4,Medium,5,2,40.0,0
C0852,2025-11-07,Family,Long,128,Visual,Evening,117,32094,1080,114,123,387,77.5,136,5.31,296.1,Medium,3,1,33.33,0
C0853,2025-11-07,Confidence,Short,46,Visual,Night,154,11602,332,23,119,111,93.3,49,5.04,118.7,Low,6,2,33.33,0
C0854,2025-11-07,Dating,Short,18,Visual,Afternoon,72,8141,172,24,75,79,88.6,50,4.3,75.7,Low,2,0,0.0,0
C0855,2025-11-08,College Life,Long,150,Visual,Evening,160,12426,644,32,220,341,64.7,48,9.95,261.1,Medium,6,1,16.67,0
C0856,2025-11-08,Family,Short,55,Text,Night,61,60770,3198,331,800,1324,83.0,342,9.3,1103.2,High,2,2,100.0,1
C0857,2025-11-08,Dating,Short,46,Visual,Evening,62,20790,812,101,295,488,98.0,85,8.16,365.79999999999995,Medium,6,1,16.67,0
C0858,2025-11-09,Social Anxiety,Short,57,Visual,Evening,84,82001,1645,107,688,618,71.1,600,3.73,646.5,High,6,5,83.33,1
C0859,2025-11-09,Work Stress,Short,34,Visual,Evening,95,65048,1391,101,587,829,98.0,484,4.47,642.8,High,4,2,50.0,1
C0860,2025-11-09,Family,Short,52,Visual,Evening,36,24088,880,67,397,486,83.9,154,7.6,406.0,Medium,4,3,75.0,0
C0861,2025-11-10,Confidence,Short,48,Text,Evening,251,43515,2006,190,487,904,72.7,145,8.24,704.6,High,7,4,57.14,1
C0862,2025-11-10,Confidence,Short,40,Text,Evening,100,9223,101,9,33,47,68.1,51,2.06,39.2,Low,6,6,100.0,0
C0863,2025-11-11,Social Anxiety,Short,23,Visual,Afternoon,215,117598,4689,191,1509,2328,77.8,324,7.41,1809.1000000000001,High,4,2,50.0,1
C0864,2025-11-11,Family,Short,40,Text,Morning,237,24759,1612,191,153,360,57.4,29,9.35,368.6,Medium,6,4,66.67,0
C0865,2025-11-11,Family,Short,56,Text,Evening,214,102202,3514,210,943,1522,72.8,595,6.06,1227.2,High,4,1,25.0,1
C0866,2025-11-12,Work Stress,Short,60,Text,Morning,221,34744,2200,184,462,646,74.4,166,10.05,635.4000000000001,High,3,3,100.0,1
C0867,2025-11-12,Family,Short,35,Text,Evening,53,66748,2457,309,943,1288,66.3,87,7.49,1071.1,High,3,2,66.67,1
C0868,2025-11-12,Family,Short,26,Text,Evening,115,15869,367,15,87,165,84.5,106,4.0,124.00000000000001,Low,7,4,57.14,0
C0869,2025-11-13,Friendship,Short,49,Visual,Night,201,24482,830,39,197,224,77.8,105,5.27,236.8,Medium,5,4,80.0,0
C0870,2025-11-13,Social Anxiety,Short,18,Text,Morning,162,24247,882,125,153,247,70.6,153,5.8,248.5,Medium,5,2,40.0,0
C0871,2025-11-13,Friendship,Short,21,Visual,Evening,31,71506,2096,202,625,705,76.7,516,5.07,711.5,High,3,0,0.0,1
C0872,2025-11-14,Dating,Long,92,Visual,Evening,160,6092,191,6,61,73,75.6,42,5.43,66.6,Low,3,3,100.0,0
C0873,2025-11-14,Social Anxiety,Short,60,Text,Morning,215,28637,1561,198,551,653,77.7,168,10.35,612.0,High,2,2,100.0,1
C0874,2025-11-15,Social Anxiety,Long,102,Visual,Afternoon,220,15905,389,37,86,176,65.0,103,4.33,133.5,Low,5,3,60.0,0
C0875,2025-11-15,Work Stress,Long,95,Text,Morning,118,39850,2174,90,268,595,70.3,128,7.85,521.1,Medium,5,4,80.0,0
C0876,2025-11-15,Self Growth,Short,29,Text,Afternoon,84,72395,2165,259,683,787,76.5,162,5.38,777.5999999999999,High,2,1,50.0,1
C0877,2025-11-16,Self Growth,Short,35,Text,Afternoon,101,67925,2194,231,707,498,65.6,210,5.34,697.8000000000001,High,7,2,28.57,1
C0878,2025-11-16,Work Stress,Long,120,Visual,Evening,98,16288,889,42,179,269,69.1,86,8.47,249.60000000000002,Medium,2,2,100.0,0
C0879,2025-11-16,Self Growth,Short,42,Visual,Evening,109,44153,1548,177,376,776,85.8,112,6.52,573.4,Medium,2,1,50.0,0
C0880,2025-11-17,Work Stress,Short,42,Visual,Morning,99,16086,878,49,108,255,85.7,96,8.02,217.3,Medium,7,4,57.14,0
C0881,2025-11-17,Social Anxiety,Short,29,Text,Morning,135,16981,189,14,66,98,74.7,39,2.16,77.5,Low,7,4,57.14,0
C0882,2025-11-18,Family,Short,27,Visual,Morning,39,56283,1966,160,609,1097,86.8,313,6.81,801.3000000000001,High,6,1,16.67,1
C0883,2025-11-18,Friendship,Short,50,Text,Evening,93,62046,633,76,160,207,67.2,275,1.73,204.6,Low,7,2,28.57,0
C0884,2025-11-18,Dating,Long,83,Visual,Afternoon,102,10333,436,41,116,136,62.5,56,7.06,139.0,Low,2,2,100.0,0
C0885,2025-11-19,Family,Long,159,Visual,Evening,65,17228,717,112,226,273,69.5,108,7.71,266.40000000000003,Medium,7,5,71.43,0
C0886,2025-11-19,Work Stress,Short,16,Visual,Afternoon,231,14750,571,41,231,210,95.0,51,7.14,220.7,Medium,4,2,50.0,0
C0887,2025-11-19,Social Anxiety,Long,99,Visual,Morning,185,27933,504,74,136,137,73.6,132,3.05,160.7,Low,2,0,0.0,0
C0888,2025-11-20,Dating,Short,31,Visual,Night,239,37252,985,85,258,268,77.2,113,4.28,299.1,Medium,5,2,40.0,0
C0889,2025-11-20,Social Anxiety,Long,160,Visual,Morning,159,135101,4522,277,1282,832,87.4,713,5.12,1270.0,High,2,1,50.0,1
C0890,2025-11-20,College Life,Short,55,Text,Morning,55,12068,534,19,160,169,74.1,65,7.31,171.89999999999998,Low,5,2,40.0,0
C0891,2025-11-21,Social Anxiety,Long,86,Text,Morning,238,48447,505,77,179,107,91.3,112,1.79,169.60000000000002,Low,6,4,66.67,0
C0892,2025-11-21,Work Stress,Long,166,Text,Night,135,71001,2982,167,687,658,63.9,72,6.33,803.8,High,3,1,33.33,1
C0893,2025-11-22,Self Growth,Short,15,Visual,Evening,187,6706,278,29,84,119,69.9,30,7.61,102.89999999999999,Low,7,4,57.14,0
C0894,2025-11-22,Confidence,Short,46,Visual,Evening,117,107371,3200,354,815,1398,78.3,276,5.37,1136.1999999999998,High,2,2,100.0,1
C0895,2025-11-22,Work Stress,Long,150,Text,Night,143,5860,241,9,45,93,66.5,27,6.62,71.8,Low,5,2,40.0,0
C0896,2025-11-23,Self Growth,Short,49,Text,Morning,142,51366,2123,301,638,570,68.9,118,7.07,698.7,High,5,2,40.0,1
C0897,2025-11-23,Self Growth,Short,27,Text,Night,95,43978,1291,171,302,269,98.0,292,4.62,364.79999999999995,Medium,4,3,75.0,0
C0898,2025-11-23,Social Anxiety,Long,166,Visual,Afternoon,157,135774,2300,168,566,909,75.2,886,2.9,762.7,High,4,4,100.0,1
C0899,2025-11-24,Social Anxiety,Short,58,Visual,Evening,198,106987,4252,466,2109,2711,84.6,973,8.92,2175.3,High,3,2,66.67,1
C0900,2025-11-24,Self Growth,Short,52,Text,Evening,34,15023,376,34,156,167,72.4,76,4.88,156.9,Low,5,2,40.0,0
C0901,2025-11-24,Social Anxiety,Short,16,Text,Afternoon,60,67841,2274,244,775,916,71.2,191,6.2,860.9999999999999,High,6,4,66.67,1
C0902,2025-11-25,Social Anxiety,Short,46,Text,Night,223,8186,388,18,109,87,87.3,54,7.35,112.1,Low,6,3,50.0,0
C0903,2025-11-25,Dating,Long,101,Text,Morning,161,6596,292,31,70,119,52.2,26,7.76,99.1,Low,7,6,85.71,0
C0904,2025-11-26,Confidence,Short,40,Visual,Night,253,77745,3105,211,1170,759,68.6,581,6.75,1048.4,High,2,1,50.0,1
C0905,2025-11-26,Friendship,Short,44,Text,Afternoon,169,83776,3391,323,645,1154,74.5,259,6.58,1007.9000000000001,High,2,2,100.0,1
C0906,2025-11-26,Work Stress,Short,15,Text,Evening,180,33682,647,57,125,160,90.5,52,2.94,174.10000000000002,Low,6,4,66.67,0
C0907,2025-11-27,Friendship,Long,151,Text,Night,236,133684,6052,283,1661,1939,65.3,779,7.43,1907.8999999999999,High,6,4,66.67,1
C0908,2025-11-27,Dating,Short,16,Text,Morning,181,53863,2083,285,555,469,81.2,303,6.3,628.0,High,7,4,57.14,1
C0909,2025-11-27,College Life,Long,74,Visual,Night,105,39551,2015,79,542,527,72.3,95,8.0,592.2,High,2,1,50.0,1
C0910,2025-11-28,Social Anxiety,Long,69,Text,Evening,151,16572,450,19,88,109,82.0,91,4.02,116.7,Low,5,2,40.0,0
C0911,2025-11-28,Family,Long,66,Visual,Evening,84,124312,4417,333,1037,1668,56.2,135,6.0,1423.5,High,4,3,75.0,1
C0912,2025-11-28,Dating,Long,132,Text,Morning,106,4967,237,26,69,52,76.4,16,7.73,72.10000000000001,Low,3,2,66.67,0
C0913,2025-11-29,Friendship,Long,85,Visual,Evening,186,25479,1119,52,268,332,70.0,86,6.95,329.1,Medium,2,1,50.0,0
C0914,2025-11-29,Confidence,Long,179,Text,Evening,64,55162,1372,125,268,326,78.2,162,3.79,367.20000000000005,Medium,2,1,50.0,0
C0915,2025-11-30,Self Growth,Short,24,Text,Evening,184,21773,1779,174,439,713,68.8,61,14.26,602.2,High,2,2,100.0,1
C0916,2025-11-30,Friendship,Long,174,Visual,Morning,164,18613,441,21,126,90,72.2,41,3.64,125.70000000000002,Low,7,4,57.14,0
C0917,2025-11-30,Self Growth,Short,16,Visual,Afternoon,100,7739,332,41,102,142,79.0,29,7.97,124.80000000000001,Low,3,0,0.0,0
C0918,2025-12-01,Family,Short,15,Text,Night,40,69065,2398,212,616,745,67.0,165,5.75,752.0999999999999,High,3,2,66.67,1
C0919,2025-12-01,College Life,Long,68,Visual,Morning,192,110248,4216,482,1071,783,59.2,361,5.94,1181.3,High,2,1,50.0,1
C0920,2025-12-01,Work Stress,Long,108,Text,Evening,219,32230,953,55,197,245,63.2,124,4.5,258.6,Medium,7,5,71.43,0
C0921,2025-12-02,Family,Long,101,Text,Night,197,9103,263,36,59,47,70.3,36,4.45,71.2,Low,2,1,50.0,0
C0922,2025-12-02,Self Growth,Short,35,Text,Morning,126,4058,170,18,22,39,69.4,17,6.14,41.1,Low,2,1,50.0,0
C0923,2025-12-02,Friendship,Short,36,Visual,Morning,180,68667,1834,78,423,411,76.7,173,4.0,491.5,Medium,3,2,66.67,0
C0924,2025-12-03,Dating,Short,51,Visual,Evening,125,8656,598,27,203,350,61.1,16,13.61,251.4,Medium,4,1,25.0,0
C0925,2025-12-03,Dating,Short,31,Text,Morning,112,3671,132,8,25,41,73.3,20,5.61,37.1,Low,5,2,40.0,0
C0926,2025-12-04,Confidence,Short,15,Text,Evening,105,15451,732,26,148,184,87.2,102,7.05,192.8,Low,6,4,66.67,0
C0927,2025-12-04,Self Growth,Short,32,Text,Evening,78,46433,1686,225,292,551,84.1,348,5.93,495.70000000000005,Medium,3,1,33.33,0
C0928,2025-12-04,College Life,Short,28,Visual,Evening,252,33261,1290,112,246,344,79.1,295,5.99,353.0,Medium,2,1,50.0,0
C0929,2025-12-05,Friendship,Long,172,Text,Afternoon,183,28858,984,95,213,161,71.4,105,5.03,250.9,Medium,6,1,16.67,0
C0930,2025-12-05,Self Growth,Short,49,Text,Evening,70,4951,103,13,18,27,68.7,34,3.25,28.200000000000003,Low,4,4,100.0,0
C0931,2025-12-05,Self Growth,Long,101,Text,Evening,228,52361,1730,238,275,347,85.2,177,4.95,434.7,Medium,6,3,50.0,0
C0932,2025-12-06,Work Stress,Short,51,Visual,Afternoon,64,1025,41,4,12,7,98.0,5,6.24,11.8,Low,4,3,75.0,0
C0933,2025-12-06,College Life,Short,18,Text,Evening,166,2075,88,7,24,61,78.6,16,8.67,38.1,Low,2,1,50.0,0
C0934,2025-12-06,Work Stress,Short,43,Text,Night,68,33660,750,56,255,290,98.0,185,4.01,275.2,Medium,3,1,33.33,0
C0935,2025-12-07,Friendship,Short,32,Visual,Evening,113,2175,79,4,23,40,73.2,9,6.71,29.900000000000006,Low,5,1,20.0,0
C0936,2025-12-07,Confidence,Long,79,Text,Evening,181,28796,675,57,204,171,56.5,84,3.84,211.8,Medium,3,2,66.67,0
C0937,2025-12-08,Dating,Short,37,Text,Afternoon,259,15386,737,65,225,386,69.9,43,9.18,292.5,Medium,6,3,50.0,0
C0938,2025-12-08,Dating,Short,29,Visual,Morning,258,5956,154,8,30,49,77.8,20,4.05,43.7,Low,4,2,50.0,0
C0939,2025-12-08,Friendship,Long,69,Text,Afternoon,235,40218,1776,135,458,297,92.1,180,6.63,476.90000000000003,Medium,7,3,42.86,0
C0940,2025-12-09,Self Growth,Long,78,Text,Morning,84,79232,4765,335,920,1226,66.2,292,9.15,1279.3,High,6,2,33.33,1
C0941,2025-12-09,Work Stress,Short,52,Text,Night,51,55760,2338,140,416,361,68.4,138,5.84,536.5,Medium,6,3,50.0,0
C0942,2025-12-09,Friendship,Short,35,Visual,Afternoon,238,75213,1566,85,512,496,71.0,413,3.54,527.2,Medium,3,2,66.67,0
C0943,2025-12-10,Confidence,Short,38,Text,Night,242,33804,866,54,181,306,88.4,110,4.16,261.6,Medium,2,0,0.0,0
C0944,2025-12-10,Friendship,Short,35,Text,Morning,94,8085,423,34,119,129,87.0,31,8.72,135.4,Low,4,2,50.0,0
C0945,2025-12-10,Dating,Short,51,Visual,Afternoon,34,5838,153,14,46,49,75.1,21,4.49,51.2,Low,6,3,50.0,0
C0946,2025-12-11,Social Anxiety,Short,40,Text,Evening,179,15619,604,75,121,241,58.2,82,6.66,196.1,Low,2,2,100.0,0
C0947,2025-12-11,Confidence,Long,147,Visual,Afternoon,47,16280,647,37,178,100,60.7,71,5.91,173.3,Low,7,6,85.71,0
C0948,2025-12-12,Dating,Short,33,Visual,Night,39,95136,3285,163,1802,2493,97.2,630,8.14,1829.8,High,3,3,100.0,1
C0949,2025-12-12,Confidence,Short,32,Text,Night,245,63336,2222,192,834,612,83.9,340,6.09,777.8000000000001,High,6,3,50.0,1
C0950,2025-12-12,College Life,Short,40,Visual,Night,144,60256,1752,84,311,485,80.7,248,4.37,461.9,Medium,3,2,66.67,0
C0951,2025-12-13,Social Anxiety,Long,136,Visual,Morning,55,23350,511,47,178,135,90.7,109,3.73,172.20000000000002,Low,5,3,60.0,0
C0952,2025-12-13,College Life,Short,34,Visual,Evening,180,28384,1376,189,503,830,98.0,95,10.21,625.6,High,5,5,100.0,1
C0953,2025-12-13,Self Growth,Long,170,Text,Morning,114,4493,148,7,20,40,68.6,12,4.79,36.2,Low,6,3,50.0,0
C0954,2025-12-14,Friendship,Long,67,Visual,Night,153,9330,78,6,31,29,71.8,40,1.54,30.1,Low,6,4,66.67,0
C0955,2025-12-14,Family,Short,34,Text,Evening,236,30944,1412,163,385,705,71.2,161,8.61,539.3000000000001,Medium,7,4,57.14,0
C0956,2025-12-14,Self Growth,Short,56,Text,Afternoon,84,19570,537,44,149,82,74.2,114,4.15,146.7,Low,3,1,33.33,0
C0957,2025-12-15,Friendship,Short,22,Text,Morning,178,60821,3150,109,681,1092,62.1,155,8.27,936.8,High,5,2,40.0,1
C0958,2025-12-15,Work Stress,Short,57,Text,Morning,220,13072,669,38,119,111,62.1,64,7.17,155.4,Low,2,0,0.0,0
C0959,2025-12-16,Confidence,Long,177,Visual,Afternoon,127,24990,1164,131,282,232,54.8,60,7.24,325.0,Medium,2,1,50.0,0
C0960,2025-12-16,Friendship,Short,40,Visual,Night,253,40579,2377,96,631,437,90.8,203,8.73,640.4,High,2,1,50.0,1
C0961,2025-12-16,Dating,Long,105,Text,Night,133,4165,179,17,38,74,53.4,22,7.39,58.7,Low,3,2,66.67,0
C0962,2025-12-17,Friendship,Short,35,Text,Night,135,47016,2623,331,635,1317,96.5,257,10.43,977.5999999999999,High,3,2,66.67,1
C0963,2025-12-17,Family,Short,30,Text,Morning,233,53519,1465,86,174,383,69.7,261,3.94,348.2,Medium,4,2,50.0,0
C0964,2025-12-17,Dating,Short,47,Visual,Evening,176,26661,1162,116,401,327,97.4,210,7.52,397.9,Medium,2,0,0.0,0
C0965,2025-12-18,Confidence,Short,18,Visual,Afternoon,229,34229,1472,86,370,410,76.3,93,6.83,435.4,Medium,7,4,57.14,0
C0966,2025-12-18,Self Growth,Short,53,Text,Evening,211,6681,292,15,92,83,61.3,50,7.21,93.9,Low,7,2,28.57,0
C0967,2025-12-18,Self Growth,Short,56,Text,Afternoon,193,73117,4555,267,1253,958,89.8,437,9.62,1297.5,High,7,1,14.29,1
C0968,2025-12-19,College Life,Short,40,Visual,Afternoon,85,6190,203,29,69,38,94.0,24,5.48,65.1,Low,7,2,28.57,0
C0969,2025-12-19,Confidence,Long,62,Text,Evening,121,20017,1416,75,213,433,59.9,25,10.68,371.70000000000005,Medium,5,1,20.0,0
C0970,2025-12-20,Social Anxiety,Short,47,Text,Afternoon,228,42585,2806,137,862,1065,73.7,129,11.44,972.3,High,4,0,0.0,1
C0971,2025-12-20,College Life,Long,87,Visual,Evening,171,20904,977,118,130,443,62.9,136,7.98,306.2,Medium,3,2,66.67,0
C0972,2025-12-20,Friendship,Short,49,Text,Evening,94,5360,277,12,88,88,75.8,40,8.68,91.7,Low,3,2,66.67,0
C0973,2025-12-21,Friendship,Short,25,Visual,Morning,105,58381,2485,405,760,861,81.1,344,7.73,891.8,High,2,2,100.0,1
C0974,2025-12-21,Friendship,Short,46,Visual,Night,208,106855,2061,265,1011,969,76.5,425,4.03,954.2,High,4,2,50.0,1
C0975,2025-12-21,Dating,Short,29,Visual,Evening,70,120332,2458,257,781,817,61.8,240,3.58,854.7,High,6,5,83.33,1
C0976,2025-12-22,Dating,Short,49,Text,Night,55,8107,519,51,92,179,71.2,36,10.37,152.60000000000002,Low,7,2,28.57,0
C0977,2025-12-22,Social Anxiety,Short,51,Text,Evening,205,50419,2022,240,966,1119,84.0,212,8.62,972.3000000000001,High,5,2,40.0,1
C0978,2025-12-22,Self Growth,Long,179,Text,Evening,96,47675,1981,80,391,331,66.9,80,5.84,469.8,Medium,6,4,66.67,0
C0979,2025-12-23,College Life,Short,43,Text,Evening,206,20576,782,113,310,252,73.7,42,7.08,300.4,Medium,7,5,71.43,0
C0980,2025-12-23,Self Growth,Short,37,Visual,Night,152,10494,100,15,42,56,70.7,24,2.03,46.6,Low,4,2,50.0,0
C0981,2025-12-24,Self Growth,Short,28,Visual,Evening,259,59475,2515,282,670,883,73.9,172,7.31,840.8,High,5,4,80.0,1
C0982,2025-12-24,Work Stress,Short,42,Visual,Afternoon,150,2157,64,6,14,20,94.1,11,4.82,19.200000000000003,Low,6,3,50.0,0
C0983,2025-12-24,Self Growth,Short,60,Text,Morning,229,33384,1571,153,374,581,65.6,96,8.02,511.6,Medium,4,2,50.0,0
C0984,2025-12-25,Work Stress,Short,15,Text,Evening,225,65317,2682,310,1146,1244,84.2,252,8.24,1161.8,High,5,3,60.0,1
C0985,2025-12-25,Self Growth,Short,59,Text,Morning,78,22164,845,37,310,164,77.5,88,6.12,265.1,Medium,6,4,66.67,0
C0986,2025-12-25,Work Stress,Short,54,Visual,Afternoon,259,16903,621,65,148,308,82.4,110,6.76,226.7,Medium,3,2,66.67,0
C0987,2025-12-26,Self Growth,Long,161,Visual,Morning,201,2728,50,5,12,20,64.7,12,3.19,16.8,Low,3,3,100.0,0
C0988,2025-12-26,College Life,Short,43,Visual,Evening,54,48400,2325,236,583,537,76.5,313,7.61,674.0,High,4,2,50.0,1
C0989,2025-12-26,Dating,Long,61,Visual,Morning,31,122913,5236,406,1351,1014,71.9,580,6.51,1449.4,High,7,2,28.57,1
C0990,2025-12-27,Family,Short,20,Visual,Evening,92,103250,4553,482,2035,2539,74.8,627,9.31,2127.4,High,6,3,50.0,1
C0991,2025-12-27,College Life,Short,41,Text,Night,33,10107,592,68,238,258,80.3,55,11.44,245.39999999999998,Medium,3,3,100.0,0
C0992,2025-12-28,Self Growth,Long,62,Text,Night,112,13054,215,18,43,53,73.6,43,2.52,58.199999999999996,Low,6,4,66.67,0
C0993,2025-12-28,Dating,Short,25,Visual,Afternoon,259,123375,5020,575,1004,1584,98.0,608,6.63,1493.8,High,6,3,50.0,1
C0994,2025-12-28,Friendship,Long,72,Visual,Evening,140,25550,710,82,147,307,74.8,101,4.88,238.3,Medium,3,2,66.67,0
C0995,2025-12-29,Self Growth,Short,49,Text,Evening,35,66065,2214,96,482,982,57.9,250,5.71,728.0,High,3,2,66.67,1
C0996,2025-12-29,Work Stress,Short,49,Visual,Evening,143,64117,2565,94,632,618,91.6,205,6.1,713.5,High,5,5,100.0,1
C0997,2025-12-29,Self Growth,Long,147,Visual,Evening,80,199936,8386,779,2414,1408,70.0,653,6.5,2382.4,High,4,4,100.0,1
C0998,2025-12-30,College Life,Short,33,Text,Afternoon,226,50720,2930,208,580,786,97.1,179,8.88,802.4,High,3,2,66.67,1
C0999,2025-12-30,Confidence,Short,34,Text,Night,50,70639,1989,218,349,798,91.7,310,4.75,621.5,High,4,4,100.0,1
C1000,2025-12-31,Self Growth,Short,54,Text,Morning,207,41283,1240,56,273,315,71.9,143,4.56,338.9,Medium,7,7,100.0,0
